Sec 0 key A cuid 8be0c9bb nt0 58087c95 nr0 56345973 ar0 b07e559f nt1 ec1d52d0 nr1 e39a1f01 ar1 f19447c4
Sec 0 key A cuid 8be0c9bb nt0 864e6233 nr0 2b982659 ar0 1fc99eb6 nt1 48754ab6 nr1 d1da54df ar1 5c9064c9
Sec 0 key A cuid 8be0c9bb nt0 f028d2c6 nr0 a93af4a9 ar0 b55f88b8 nt1 d3032bb3 nr1 7e795f06 ar1 59878841
Sec 0 key A cuid 8be0c9bb nt0 75074135 nr0 1eebc20e ar0 e26442a9 nt1 9d23f4b3 nr1 6248f95f ar1 58f2987b
Sec 0 key A cuid 8be0c9bb nt0 ac9e8dfc nr0 1ebff3cc ar0 14fcb116 nt1 4f9b8d85 nr1 062bc1eb ar1 b9fcd454
Sec 15 key A cuid 770e8054 nt0 bdefd80e ks0 50842175 par0 0010 nt1 b22fd568 ks1 30efb371 par1 1000 dist 0
Sec 0 key A cuid 929d09de nt0 84d389d3 ks0 a1f6c63b par0 0100 dist 0
Sec 0 key B cuid 929d09de nt0 122becc5 ks0 8346e666 par0 0011 dist 0
Sec 1 key A cuid 929d09de nt0 9281c8f5 ks0 46aeb90d par0 1100 dist 0
Sec 1 key B cuid 929d09de nt0 779447bf ks0 d177a87b par0 1111 dist 0
Sec 2 key A cuid 929d09de nt0 4b9a427b ks0 11ece30d par0 0110 dist 0
Sec 2 key B cuid 929d09de nt0 17778827 ks0 d1771434 par0 1000 dist 0
Sec 3 key A cuid 929d09de nt0 4407471e ks0 1fab6597 par0 1011 dist 0
Sec 3 key B cuid 929d09de nt0 a8117a07 ks0 51db9f3c par0 0111 dist 0
Sec 4 key A cuid 929d09de nt0 89f9162f ks0 bcd6f321 par0 1101 dist 0
Sec 4 key B cuid 929d09de nt0 65a5bbe5 ks0 d1039207 par0 1011 dist 0
Sec 5 key A cuid 929d09de nt0 4b9d5abd ks0 c495e062 par0 1100 dist 0
Sec 5 key B cuid 929d09de nt0 cdc35945 ks0 d173552d par0 0110 dist 0
Sec 6 key A cuid 929d09de nt0 9c390491 ks0 2895644e par0 1011 dist 0
Sec 6 key B cuid 929d09de nt0 696765b9 ks0 51dbdb8c par0 1000 dist 0
Sec 7 key A cuid 929d09de nt0 584297c0 ks0 36f47e72 par0 1011 dist 0
Sec 7 key B cuid 929d09de nt0 12d32c1b ks0 d1ffceb9 par0 1101 dist 0
Sec 8 key A cuid 929d09de nt0 13d6e537 ks0 1746d216 par0 1111 dist 0
Sec 8 key B cuid 929d09de nt0 d9e0f293 ks0 71539d3f par0 0001 dist 0
Sec 9 key A cuid 929d09de nt0 244f70d7 ks0 b44f5c5e par0 1110 dist 0
Sec 9 key B cuid 929d09de nt0 c335a5f7 ks0 d1579405 par0 1011 dist 0
Sec 10 key A cuid 929d09de nt0 97d73c9e ks0 730beb23 par0 0111 dist 0
Sec 10 key B cuid 929d09de nt0 121b6cfe ks0 d1ff8e21 par0 1011 dist 0
Sec 11 key A cuid 929d09de nt0 b3be3ce3 ks0 d36676d6 par0 1001 dist 0
Sec 11 key B cuid 929d09de nt0 02ffdac8 ks0 51f75884 par0 0010 dist 0
Sec 12 key A cuid 929d09de nt0 b7f3b13e ks0 419c5cbb par0 0011 dist 0
Sec 12 key B cuid 929d09de nt0 75882577 ks0 d1033c1e par0 0011 dist 0
Sec 13 key A cuid 929d09de nt0 d2dc9ae6 ks0 4309da5e par0 1100 dist 0
Sec 13 key B cuid 929d09de nt0 83ff6f80 ks0 515f960d par0 0010 dist 0
Sec 14 key A cuid 929d09de nt0 a149b0d0 ks0 7275d30b par0 0000 dist 0
Sec 14 key B cuid 929d09de nt0 c520eabd ks0 9103246d par0 1101 dist 0
Sec 15 key A cuid 929d09de nt0 4430dfe3 ks0 8fc132cf par0 1000 dist 0
Sec 15 key B cuid 929d09de nt0 139c75e4 ks0 71df11aa par0 0111 dist 0
Sec 0 key A cuid da505f80 nt0 00000000 ks0 9c1b53f9 par0 1100
Sec 0 key A cuid da505f80 nt0 00000000 ks0 43b9cae5 par0 1010
Sec 0 key A cuid da505f80 nt0 00000000 ks0 05350c26 par0 1010
Sec 0 key A cuid da505f80 nt0 00000000 ks0 3b94dd81 par0 1001
Sec 0 key A cuid da505f80 nt0 00000000 ks0 e4ca0a7d par0 1000
Sec 0 key A cuid da505f80 nt0 00000000 ks0 964880e5 par0 0101
Sec 0 key A cuid da505f80 nt0 00000000 ks0 97ca88a0 par0 1011
Sec 0 key A cuid da505f80 nt0 00000000 ks0 8d5b3489 par0 0110
Sec 0 key A cuid da505f80 nt0 00000000 ks0 48b3ddfc par0 1111
Sec 0 key A cuid da505f80 nt0 00000000 ks0 c7c0eb4d par0 1111
Sec 0 key A cuid da505f80 nt0 00000000 ks0 0cafc2e8 par0 0100
Sec 0 key A cuid da505f80 nt0 00000000 ks0 9a17c0df par0 0111
Sec 0 key A cuid da505f80 nt0 00000000 ks0 1821d231 par0 1100
Sec 0 key A cuid da505f80 nt0 00000000 ks0 f25b2678 par0 1000
Sec 0 key A cuid da505f80 nt0 00000000 ks0 0744fc08 par0 1110
Sec 0 key A cuid da505f80 nt0 00000000 ks0 878a19c0 par0 0110
Sec 0 key A cuid da505f80 nt0 00000000 ks0 f0dd9b33 par0 0010
Sec 0 key A cuid da505f80 nt0 00000000 ks0 d8dd7e37 par0 1010
Sec 0 key A cuid da505f80 nt0 00000000 ks0 307adea3 par0 0101
Sec 0 key A cuid da505f80 nt0 00000000 ks0 5c55b18c par0 0011
Sec 0 key A cuid da505f80 nt0 00000000 ks0 8e3bd843 par0 0101
Sec 0 key A cuid da505f80 nt0 00000000 ks0 90b834d1 par0 0001
Sec 0 key A cuid da505f80 nt0 00000000 ks0 c1022086 par0 0100
Sec 0 key A cuid da505f80 nt0 00000000 ks0 4ee86e60 par0 0111
Sec 0 key A cuid da505f80 nt0 00000000 ks0 061fc3b1 par0 1011
Sec 0 key A cuid da505f80 nt0 00000000 ks0 7f93de60 par0 1011
Sec 0 key A cuid da505f80 nt0 00000000 ks0 cb406afd par0 0110
Sec 0 key A cuid da505f80 nt0 00000000 ks0 e7d4a97e par0 1010
Sec 0 key A cuid da505f80 nt0 00000000 ks0 523713e8 par0 0011
Sec 0 key A cuid da505f80 nt0 00000000 ks0 771fc2ef par0 1011
Sec 0 key A cuid da505f80 nt0 00000000 ks0 6918a711 par0 0110
Sec 0 key A cuid da505f80 nt0 00000000 ks0 26cc5a05 par0 1011
Sec 0 key A cuid da505f80 nt0 00000000 ks0 af93852a par0 0100
Sec 0 key A cuid da505f80 nt0 00000000 ks0 064d538c par0 1110
Sec 0 key A cuid da505f80 nt0 00000000 ks0 b5f40369 par0 1011
Sec 0 key A cuid da505f80 nt0 00000000 ks0 fe5d6f40 par0 0011
Sec 0 key A cuid da505f80 nt0 00000000 ks0 fc8fe07c par0 0100
Sec 0 key A cuid da505f80 nt0 00000000 ks0 37d0806b par0 0001
Sec 0 key A cuid da505f80 nt0 00000000 ks0 182217f9 par0 1001
Sec 0 key A cuid da505f80 nt0 00000000 ks0 842ae7ec par0 1100
Sec 0 key A cuid da505f80 nt0 00000000 ks0 172a86e5 par0 1111
Sec 0 key A cuid da505f80 nt0 00000000 ks0 c4c5c4cb par0 0001
Sec 0 key A cuid da505f80 nt0 00000000 ks0 758a4152 par0 1010
Sec 0 key A cuid da505f80 nt0 00000000 ks0 9b2abe7d par0 0011
Sec 0 key A cuid da505f80 nt0 00000000 ks0 1ec45a5f par0 0101
Sec 0 key A cuid da505f80 nt0 00000000 ks0 f65dd7a8 par0 0001
Sec 0 key A cuid da505f80 nt0 00000000 ks0 74edbef4 par0 1110
Sec 0 key A cuid da505f80 nt0 00000000 ks0 920c4a1b par0 0010
Sec 0 key A cuid da505f80 nt0 00000000 ks0 487ccc06 par0 1111
Sec 0 key A cuid da505f80 nt0 00000000 ks0 b38b9bbe par0 1111
Sec 0 key A cuid da505f80 nt0 00000000 ks0 18300cb5 par0 1111
Sec 0 key A cuid da505f80 nt0 00000000 ks0 79a86aef par0 1001
Sec 0 key A cuid da505f80 nt0 00000000 ks0 fd82b4a0 par0 0100
Sec 0 key A cuid da505f80 nt0 00000000 ks0 76c69183 par0 1100
Sec 0 key A cuid da505f80 nt0 00000000 ks0 4f57be87 par0 0011
Sec 0 key A cuid da505f80 nt0 00000000 ks0 c7efd25e par0 1111
Sec 0 key A cuid da505f80 nt0 00000000 ks0 2fae29f3 par0 1000
Sec 0 key A cuid da505f80 nt0 00000000 ks0 060841b9 par0 1000
Sec 0 key A cuid da505f80 nt0 00000000 ks0 08d52f94 par0 0011
Sec 0 key A cuid da505f80 nt0 00000000 ks0 404bd7a4 par0 1010
Sec 0 key A cuid da505f80 nt0 00000000 ks0 62085304 par0 0000
Sec 0 key A cuid da505f80 nt0 00000000 ks0 df6523b2 par0 0101
Sec 0 key A cuid da505f80 nt0 00000000 ks0 68890822 par0 1100
Sec 0 key A cuid da505f80 nt0 00000000 ks0 3e6262bb par0 0110
Sec 0 key A cuid da505f80 nt0 00000000 ks0 189a34e5 par0 1010
Sec 0 key A cuid da505f80 nt0 00000000 ks0 5c983981 par0 0010
Sec 0 key A cuid da505f80 nt0 00000000 ks0 1abfd29c par0 1011
Sec 0 key A cuid da505f80 nt0 00000000 ks0 acd00c36 par0 0001
Sec 0 key A cuid da505f80 nt0 00000000 ks0 a9eb194f par0 1011
Sec 0 key A cuid da505f80 nt0 00000000 ks0 9028d744 par0 0000
Sec 0 key A cuid da505f80 nt0 00000000 ks0 cd9e47a1 par0 1101
Sec 0 key A cuid da505f80 nt0 00000000 ks0 d8910663 par0 1001
Sec 0 key A cuid da505f80 nt0 00000000 ks0 e7ad28d7 par0 1100
Sec 0 key A cuid da505f80 nt0 00000000 ks0 3b3d15ed par0 1101
Sec 0 key A cuid da505f80 nt0 00000000 ks0 833e38af par0 1111
Sec 0 key A cuid da505f80 nt0 00000000 ks0 676bcc2f par0 1110
Sec 0 key A cuid da505f80 nt0 00000000 ks0 17794d60 par0 1001
Sec 0 key A cuid da505f80 nt0 00000000 ks0 12f21143 par0 1001
Sec 0 key A cuid da505f80 nt0 00000000 ks0 f988fedf par0 1100
Sec 0 key A cuid da505f80 nt0 00000000 ks0 f09f48b2 par0 0111
Sec 0 key A cuid da505f80 nt0 00000000 ks0 14c531a4 par0 1101
Sec 0 key A cuid da505f80 nt0 00000000 ks0 92d5b1e0 par0 0101
Sec 0 key A cuid da505f80 nt0 00000000 ks0 e0b62cac par0 1101
Sec 0 key A cuid da505f80 nt0 00000000 ks0 1438cab4 par0 1100
Sec 0 key A cuid da505f80 nt0 00000000 ks0 949e5d77 par0 0010
Sec 0 key A cuid da505f80 nt0 00000000 ks0 1e844db7 par0 0000
Sec 0 key A cuid da505f80 nt0 00000000 ks0 595c39a4 par0 0000
Sec 0 key A cuid da505f80 nt0 00000000 ks0 00abb0fb par0 0100
Sec 0 key A cuid da505f80 nt0 00000000 ks0 748f5045 par0 1011
Sec 0 key A cuid da505f80 nt0 00000000 ks0 6be535d0 par0 1101
Sec 0 key A cuid da505f80 nt0 00000000 ks0 7ff9bbe9 par0 1000
Sec 0 key A cuid da505f80 nt0 00000000 ks0 a28a1619 par0 1000
Sec 0 key A cuid da505f80 nt0 00000000 ks0 2ee9f079 par0 1011
Sec 0 key A cuid da505f80 nt0 00000000 ks0 c29d4203 par0 0010
Sec 0 key A cuid da505f80 nt0 00000000 ks0 88e85aac par0 1010
Sec 0 key A cuid da505f80 nt0 00000000 ks0 6644378c par0 0011
Sec 0 key A cuid da505f80 nt0 00000000 ks0 5cb3dc22 par0 0001
Sec 0 key A cuid da505f80 nt0 00000000 ks0 32cf3d44 par0 0001
Sec 0 key A cuid da505f80 nt0 00000000 ks0 c1872d4d par0 0000
Sec 0 key A cuid da505f80 nt0 00000000 ks0 a463d954 par0 0100
Sec 0 key A cuid da505f80 nt0 00000000 ks0 b6c46aa1 par0 1100
Sec 0 key A cuid da505f80 nt0 00000000 ks0 a6b17008 par0 0001
Sec 0 key A cuid da505f80 nt0 00000000 ks0 10760f65 par0 1010
Sec 0 key A cuid da505f80 nt0 00000000 ks0 a0ac88c2 par0 0110
Sec 0 key A cuid da505f80 nt0 00000000 ks0 dc16936f par0 0111
Sec 0 key A cuid da505f80 nt0 00000000 ks0 3e1760ff par0 0100
Sec 0 key A cuid da505f80 nt0 00000000 ks0 7575356b par0 1111
Sec 0 key A cuid da505f80 nt0 00000000 ks0 4d352121 par0 0000
Sec 0 key A cuid da505f80 nt0 00000000 ks0 15f1cc15 par0 1011
Sec 0 key A cuid da505f80 nt0 00000000 ks0 9df6a22a par0 0001
Sec 0 key A cuid da505f80 nt0 00000000 ks0 4e654d9e par0 0101
Sec 0 key A cuid da505f80 nt0 00000000 ks0 5a88018b par0 0011
Sec 0 key A cuid da505f80 nt0 00000000 ks0 dea735b5 par0 0101
Sec 0 key A cuid da505f80 nt0 00000000 ks0 164e4ec3 par0 0000
Sec 0 key A cuid da505f80 nt0 00000000 ks0 6754dcaf par0 1011
Sec 0 key A cuid da505f80 nt0 00000000 ks0 db0b8270 par0 1110
Sec 0 key A cuid da505f80 nt0 00000000 ks0 eb6a4f5f par0 0000
Sec 0 key A cuid da505f80 nt0 00000000 ks0 7fe40ddd par0 1010
Sec 0 key A cuid da505f80 nt0 00000000 ks0 418c87bd par0 1001
Sec 0 key A cuid da505f80 nt0 00000000 ks0 2fc61600 par0 1111
Sec 0 key A cuid da505f80 nt0 00000000 ks0 94615721 par0 0111
Sec 0 key A cuid da505f80 nt0 00000000 ks0 9d4b6928 par0 0000
Sec 0 key A cuid da505f80 nt0 00000000 ks0 9a94ea24 par0 0011
Sec 0 key A cuid da505f80 nt0 00000000 ks0 07ed0938 par0 1101
Sec 0 key A cuid da505f80 nt0 00000000 ks0 d75a255f par0 0110
Sec 0 key A cuid da505f80 nt0 00000000 ks0 b06438e9 par0 1001
Sec 0 key A cuid da505f80 nt0 00000000 ks0 fb042309 par0 1110
Sec 0 key A cuid da505f80 nt0 00000000 ks0 dc80b133 par0 0111
Sec 0 key A cuid da505f80 nt0 00000000 ks0 74ab1b2c par0 1010
Sec 0 key A cuid da505f80 nt0 00000000 ks0 1da6f91c par0 0111
Sec 0 key A cuid da505f80 nt0 00000000 ks0 effb7e81 par0 1110
Sec 0 key A cuid da505f80 nt0 00000000 ks0 ca20dccd par0 0101
Sec 0 key A cuid da505f80 nt0 00000000 ks0 b1d30865 par0 1100
Sec 0 key A cuid da505f80 nt0 00000000 ks0 1df33ab7 par0 0110
Sec 0 key A cuid da505f80 nt0 00000000 ks0 8ae59895 par0 1111
Sec 0 key A cuid da505f80 nt0 00000000 ks0 855679e0 par0 0010
Sec 0 key A cuid da505f80 nt0 00000000 ks0 6c925c0e par0 0000
Sec 0 key A cuid da505f80 nt0 00000000 ks0 a28a7d63 par0 1001
Sec 0 key A cuid da505f80 nt0 00000000 ks0 7a410059 par0 0111
Sec 0 key A cuid da505f80 nt0 00000000 ks0 93c306ee par0 0000
Sec 0 key A cuid da505f80 nt0 00000000 ks0 5d0856fd par0 1010
Sec 0 key A cuid da505f80 nt0 00000000 ks0 235b93ef par0 0100
Sec 0 key A cuid da505f80 nt0 00000000 ks0 e73de032 par0 1010
Sec 0 key A cuid da505f80 nt0 00000000 ks0 87da13b1 par0 0100
Sec 0 key A cuid da505f80 nt0 00000000 ks0 d5e06426 par0 1111
Sec 0 key A cuid da505f80 nt0 00000000 ks0 d472cdab par0 1001
Sec 0 key A cuid da505f80 nt0 00000000 ks0 5e565e60 par0 1010
Sec 0 key A cuid da505f80 nt0 00000000 ks0 f2086d12 par0 1000
Sec 0 key A cuid da505f80 nt0 00000000 ks0 5a9fef5b par0 0000
Sec 0 key A cuid da505f80 nt0 00000000 ks0 d6bec98d par0 1011
Sec 0 key A cuid da505f80 nt0 00000000 ks0 c8a2e492 par0 0001
Sec 0 key A cuid da505f80 nt0 00000000 ks0 8bc80776 par0 1000
Sec 0 key A cuid da505f80 nt0 00000000 ks0 f2450478 par0 1100
Sec 0 key A cuid da505f80 nt0 00000000 ks0 6db6ee8e par0 0011
Sec 0 key A cuid da505f80 nt0 00000000 ks0 0bee7311 par0 0000
Sec 0 key A cuid da505f80 nt0 00000000 ks0 17e51f0e par0 1000
Sec 0 key A cuid da505f80 nt0 00000000 ks0 bf3d4d5e par0 1011
Sec 0 key A cuid da505f80 nt0 00000000 ks0 283adcf8 par0 0110
Sec 0 key A cuid da505f80 nt0 00000000 ks0 7db678cc par0 1110
Sec 0 key A cuid da505f80 nt0 00000000 ks0 58693b26 par0 0010
Sec 0 key A cuid da505f80 nt0 00000000 ks0 36228d17 par0 0110
Sec 0 key A cuid da505f80 nt0 00000000 ks0 584cbb6e par0 0100
Sec 0 key A cuid da505f80 nt0 00000000 ks0 905b55f3 par0 0101
Sec 0 key A cuid da505f80 nt0 00000000 ks0 9db38643 par0 0111
Sec 0 key A cuid da505f80 nt0 00000000 ks0 b684f6bb par0 1001
Sec 0 key A cuid da505f80 nt0 00000000 ks0 60bd8b6f par0 0110
Sec 0 key A cuid da505f80 nt0 00000000 ks0 6d446e0d par0 0011
Sec 0 key A cuid da505f80 nt0 00000000 ks0 3457cc97 par0 0001
Sec 0 key A cuid da505f80 nt0 00000000 ks0 6ac6be78 par0 1010
Sec 0 key A cuid da505f80 nt0 00000000 ks0 d9de9bf0 par0 1110
Sec 0 key A cuid da505f80 nt0 00000000 ks0 f5748edb par0 0010
Sec 0 key A cuid da505f80 nt0 00000000 ks0 3add7e5b par0 1010
Sec 0 key A cuid da505f80 nt0 00000000 ks0 b1e37984 par0 1000
Sec 0 key A cuid da505f80 nt0 00000000 ks0 142f56a4 par0 1110
Sec 0 key A cuid da505f80 nt0 00000000 ks0 5a0d207d par0 0000
Sec 0 key A cuid da505f80 nt0 00000000 ks0 a33b23a1 par0 0001
Sec 0 key A cuid da505f80 nt0 00000000 ks0 0bf59cb3 par0 0000
Sec 0 key A cuid da505f80 nt0 00000000 ks0 c1b8b302 par0 0110
Sec 0 key A cuid da505f80 nt0 00000000 ks0 16f31e93 par0 0010
Sec 0 key A cuid da505f80 nt0 00000000 ks0 64647476 par0 0100
Sec 0 key A cuid da505f80 nt0 00000000 ks0 9ba9687d par0 0001
Sec 0 key A cuid da505f80 nt0 00000000 ks0 c1391d46 par0 0100
Sec 0 key A cuid da505f80 nt0 00000000 ks0 113d5ccd par0 1000
Sec 0 key A cuid da505f80 nt0 00000000 ks0 e743ab47 par0 1001
Sec 0 key A cuid da505f80 nt0 00000000 ks0 cdf601cd par0 1011
Sec 0 key A cuid da505f80 nt0 00000000 ks0 852b1d97 par0 0110
Sec 0 key A cuid da505f80 nt0 00000000 ks0 618d94a1 par0 0001
Sec 0 key A cuid da505f80 nt0 00000000 ks0 bba0dd48 par0 0110
Sec 0 key A cuid da505f80 nt0 00000000 ks0 4cb0aede par0 1010
Sec 0 key A cuid da505f80 nt0 00000000 ks0 a6b02886 par0 0101
Sec 0 key A cuid da505f80 nt0 00000000 ks0 d873f06f par0 1101
Sec 0 key A cuid da505f80 nt0 00000000 ks0 5c8b228f par0 0100
Sec 0 key A cuid da505f80 nt0 00000000 ks0 33df5ceb par0 1001
Sec 0 key A cuid da505f80 nt0 00000000 ks0 08b91675 par0 0100
Sec 0 key A cuid da505f80 nt0 00000000 ks0 9724ca9d par0 1000
Sec 0 key A cuid da505f80 nt0 00000000 ks0 6418be31 par0 0001
Sec 0 key A cuid da505f80 nt0 00000000 ks0 9c58e317 par0 1001
Sec 0 key A cuid da505f80 nt0 00000000 ks0 f58e0c46 par0 0111
Sec 0 key A cuid da505f80 nt0 00000000 ks0 4e80f6f3 par0 0011
Sec 0 key A cuid da505f80 nt0 00000000 ks0 de5b8a94 par0 0000
Sec 0 key A cuid da505f80 nt0 00000000 ks0 e18d88c9 par0 1011
Sec 0 key A cuid da505f80 nt0 00000000 ks0 f030981b par0 0010
Sec 0 key A cuid da505f80 nt0 00000000 ks0 3f1d3f8c par0 0110
Sec 0 key A cuid da505f80 nt0 00000000 ks0 0d661af0 par0 1001
Sec 0 key A cuid da505f80 nt0 00000000 ks0 125673ae par0 1001
Sec 0 key A cuid da505f80 nt0 00000000 ks0 4a912920 par0 1000
Sec 0 key A cuid da505f80 nt0 00000000 ks0 79207923 par0 1010
Sec 0 key A cuid da505f80 nt0 00000000 ks0 22ec72ae par0 1011
Sec 0 key A cuid da505f80 nt0 00000000 ks0 68aa7e28 par0 1110
Sec 0 key A cuid da505f80 nt0 00000000 ks0 7c684e9a par0 1101
Sec 0 key A cuid da505f80 nt0 00000000 ks0 1add79b4 par0 1111
Sec 0 key A cuid da505f80 nt0 00000000 ks0 3df9f5de par0 0011
Sec 0 key A cuid da505f80 nt0 00000000 ks0 89a72e20 par0 1010
Sec 0 key A cuid da505f80 nt0 00000000 ks0 7c3a9511 par0 1101
Sec 0 key A cuid da505f80 nt0 00000000 ks0 12719ec4 par0 1001
Sec 0 key A cuid da505f80 nt0 00000000 ks0 f93ff51c par0 1101
Sec 0 key A cuid da505f80 nt0 00000000 ks0 7db84119 par0 1000
Sec 0 key A cuid da505f80 nt0 00000000 ks0 e0319b28 par0 1111
Sec 0 key A cuid da505f80 nt0 00000000 ks0 bb30203e par0 0110
Sec 0 key A cuid da505f80 nt0 00000000 ks0 c153c9cf par0 0101
Sec 0 key A cuid da505f80 nt0 00000000 ks0 224cf64c par0 1111
Sec 0 key A cuid da505f80 nt0 00000000 ks0 16819c2f par0 0001
Sec 0 key A cuid da505f80 nt0 00000000 ks0 bca78b90 par0 1001
Sec 0 key A cuid da505f80 nt0 00000000 ks0 111c528a par0 1000
Sec 0 key A cuid da505f80 nt0 00000000 ks0 349258ec par0 0111
Sec 0 key A cuid da505f80 nt0 00000000 ks0 14cea9fa par0 1101
Sec 0 key A cuid da505f80 nt0 00000000 ks0 1260c555 par0 1001
Sec 0 key A cuid da505f80 nt0 00000000 ks0 79dfc991 par0 1110
Sec 0 key A cuid da505f80 nt0 00000000 ks0 7396f5c4 par0 0110
Sec 0 key A cuid da505f80 nt0 00000000 ks0 440ae53d par0 1000
Sec 0 key A cuid da505f80 nt0 00000000 ks0 b48fdfd6 par0 1001
Sec 0 key A cuid da505f80 nt0 00000000 ks0 cbe34cf8 par0 0111
Sec 0 key A cuid da505f80 nt0 00000000 ks0 2e4bb828 par0 1000
Sec 0 key A cuid da505f80 nt0 00000000 ks0 8e800a84 par0 0100
Sec 0 key A cuid da505f80 nt0 00000000 ks0 2530000b par0 0100
Sec 0 key A cuid da505f80 nt0 00000000 ks0 15883507 par0 1111
Sec 0 key A cuid da505f80 nt0 00000000 ks0 0640be51 par0 1101
Sec 0 key A cuid da505f80 nt0 00000000 ks0 3539be11 par0 0000
Sec 0 key A cuid da505f80 nt0 00000000 ks0 7603b3b2 par0 1101
Sec 0 key A cuid da505f80 nt0 00000000 ks0 bd22b6ca par0 1000
Sec 0 key A cuid da505f80 nt0 00000000 ks0 5f5b1c83 par0 1101
Sec 0 key A cuid da505f80 nt0 00000000 ks0 58d30bc1 par0 0101
Sec 0 key A cuid da505f80 nt0 00000000 ks0 ca70b1e4 par0 0101
Sec 0 key A cuid da505f80 nt0 00000000 ks0 114c56f6 par0 1011
Sec 0 key A cuid da505f80 nt0 00000000 ks0 0e7dc8c8 par0 1101
Sec 0 key A cuid da505f80 nt0 00000000 ks0 be9ab439 par0 1111
Sec 0 key A cuid da505f80 nt0 00000000 ks0 46dcc429 par0 0010
Sec 0 key A cuid da505f80 nt0 00000000 ks0 7ab36b39 par0 0011
Sec 0 key A cuid da505f80 nt0 00000000 ks0 8bfb5ecf par0 1111
Sec 0 key A cuid da505f80 nt0 00000000 ks0 2f27f481 par0 1110
Sec 0 key A cuid da505f80 nt0 00000000 ks0 77937390 par0 1001
Sec 0 key A cuid da505f80 nt0 00000000 ks0 73476a61 par0 0000
Sec 0 key A cuid da505f80 nt0 00000000 ks0 ecde2e24 par0 1111
Sec 0 key A cuid da505f80 nt0 00000000 ks0 84a791dd par0 1000
Sec 0 key A cuid da505f80 nt0 00000000 ks0 e07f2516 par0 1000
Sec 0 key A cuid da505f80 nt0 00000000 ks0 0252152e par0 0010
Sec 0 key A cuid da505f80 nt0 00000000 ks0 0143870b par0 0010
Sec 0 key A cuid da505f80 nt0 00000000 ks0 1ec2a4af par0 0100
Sec 0 key A cuid da505f80 nt0 00000000 ks0 5e7b9fa3 par0 1111
Sec 0 key A cuid da505f80 nt0 00000000 ks0 a1e9a3b4 par0 0001
Sec 0 key A cuid da505f80 nt0 00000000 ks0 04021841 par0 0010
Sec 0 key A cuid da505f80 nt0 00000000 ks0 8e5375cb par0 0000
Sec 0 key A cuid da505f80 nt0 00000000 ks0 b4f98ef1 par0 1100
Sec 0 key A cuid da505f80 nt0 00000000 ks0 0a922cfc par0 0000
Sec 0 key A cuid da505f80 nt0 00000000 ks0 d9e91af2 par0 1000
Sec 0 key A cuid da505f80 nt0 00000000 ks0 8993913a par0 1010
Sec 0 key A cuid da505f80 nt0 00000000 ks0 18173c32 par0 1110
Sec 0 key A cuid da505f80 nt0 00000000 ks0 44b0a9e6 par0 1101
Sec 0 key A cuid da505f80 nt0 00000000 ks0 666e88c7 par0 0011
Sec 0 key A cuid da505f80 nt0 00000000 ks0 578c2888 par0 0010
Sec 0 key A cuid da505f80 nt0 00000000 ks0 9435f8e6 par0 0010
Sec 0 key A cuid da505f80 nt0 00000000 ks0 89795b58 par0 1111
Sec 0 key A cuid da505f80 nt0 00000000 ks0 8609dfaa par0 1101
Sec 0 key A cuid da505f80 nt0 00000000 ks0 29d44c4b par0 1110
Sec 0 key A cuid da505f80 nt0 00000000 ks0 1f5c2ecb par0 0111
Sec 0 key A cuid da505f80 nt0 00000000 ks0 f4742962 par0 0000
Sec 0 key A cuid da505f80 nt0 00000000 ks0 5db04b68 par0 1010
Sec 0 key A cuid da505f80 nt0 00000000 ks0 aab2d94d par0 1110
Sec 0 key A cuid da505f80 nt0 00000000 ks0 3c836a6f par0 0010
Sec 0 key A cuid da505f80 nt0 00000000 ks0 72e9be36 par0 1110
Sec 0 key A cuid da505f80 nt0 00000000 ks0 92170b53 par0 0011
Sec 0 key A cuid da505f80 nt0 00000000 ks0 972bfd23 par0 1111
Sec 0 key A cuid da505f80 nt0 00000000 ks0 d3259bd8 par0 1010
Sec 0 key A cuid da505f80 nt0 00000000 ks0 49f54eb5 par0 1111
Sec 0 key A cuid da505f80 nt0 00000000 ks0 99140ea8 par0 0000
Sec 0 key A cuid da505f80 nt0 00000000 ks0 84c893ab par0 1000
Sec 0 key A cuid da505f80 nt0 00000000 ks0 961b1f30 par0 0001
Sec 0 key A cuid da505f80 nt0 00000000 ks0 3cd7ba99 par0 0101
Sec 0 key A cuid da505f80 nt0 00000000 ks0 b0091248 par0 1010
Sec 0 key A cuid da505f80 nt0 00000000 ks0 fedffd14 par0 0001
Sec 0 key A cuid da505f80 nt0 00000000 ks0 73a2ffe2 par0 0010
Sec 0 key A cuid da505f80 nt0 00000000 ks0 1b217d32 par0 1111
Sec 0 key A cuid da505f80 nt0 00000000 ks0 7f368b92 par0 1001
Sec 0 key A cuid da505f80 nt0 00000000 ks0 b3c02f8f par0 1010
Sec 0 key A cuid da505f80 nt0 00000000 ks0 75fc12c7 par0 1110
Sec 0 key A cuid da505f80 nt0 00000000 ks0 d8e1a750 par0 1001
Sec 0 key A cuid da505f80 nt0 00000000 ks0 05be16eb par0 1101
Sec 0 key A cuid da505f80 nt0 00000000 ks0 593e98d1 par0 0011
Sec 0 key A cuid da505f80 nt0 00000000 ks0 b3d2b9e9 par0 1101
Sec 0 key A cuid da505f80 nt0 00000000 ks0 1a2e73e7 par0 1011
Sec 0 key A cuid da505f80 nt0 00000000 ks0 9e3fa4a7 par0 1111
Sec 0 key A cuid da505f80 nt0 00000000 ks0 adfc9307 par0 1110
Sec 0 key A cuid da505f80 nt0 00000000 ks0 7b3ded38 par0 0111
Sec 0 key A cuid da505f80 nt0 00000000 ks0 949b6ce8 par0 0000
Sec 0 key A cuid da505f80 nt0 00000000 ks0 c56f6376 par0 1011
Sec 0 key A cuid da505f80 nt0 00000000 ks0 4fa91bb5 par0 0000
Sec 0 key A cuid da505f80 nt0 00000000 ks0 cd4c1ebe par0 1110
Sec 0 key A cuid da505f80 nt0 00000000 ks0 2dd17af3 par0 1110
Sec 0 key A cuid da505f80 nt0 00000000 ks0 8cc92c5e par0 0101
Sec 0 key A cuid da505f80 nt0 00000000 ks0 3979efb7 par0 0000
Sec 0 key A cuid da505f80 nt0 00000000 ks0 a780e5f6 par0 0010
Sec 0 key A cuid da505f80 nt0 00000000 ks0 ed744fd5 par0 0010
Sec 0 key A cuid da505f80 nt0 00000000 ks0 859f4d5a par0 0100
Sec 0 key A cuid da505f80 nt0 00000000 ks0 eec1b353 par0 1011
Sec 0 key A cuid da505f80 nt0 00000000 ks0 b828c456 par0 1111
Sec 0 key A cuid da505f80 nt0 00000000 ks0 4f209610 par0 0010
Sec 0 key A cuid da505f80 nt0 00000000 ks0 766df401 par0 1111
Sec 0 key A cuid da505f80 nt0 00000000 ks0 15714b3b par0 1101
Sec 0 key A cuid da505f80 nt0 00000000 ks0 2ad7f02f par0 0011
Sec 0 key A cuid da505f80 nt0 00000000 ks0 5489af23 par0 0110
Sec 0 key A cuid da505f80 nt0 00000000 ks0 b1148403 par0 1110
Sec 0 key A cuid da505f80 nt0 00000000 ks0 c4692617 par0 0011
Sec 0 key A cuid da505f80 nt0 00000000 ks0 5d62fc2a par0 1111
Sec 0 key A cuid da505f80 nt0 00000000 ks0 22a30c41 par0 1000
Sec 0 key A cuid da505f80 nt0 00000000 ks0 701ddddc par0 1101
Sec 0 key A cuid da505f80 nt0 00000000 ks0 0f1fea5b par0 1100
Sec 0 key A cuid da505f80 nt0 00000000 ks0 419da1bf par0 1111
Sec 0 key A cuid da505f80 nt0 00000000 ks0 1ec66ad2 par0 0101
Sec 0 key A cuid da505f80 nt0 00000000 ks0 750248d9 par0 1011
Sec 0 key A cuid da505f80 nt0 00000000 ks0 9701a426 par0 1110
Sec 0 key A cuid da505f80 nt0 00000000 ks0 2511410d par0 0010
Sec 0 key A cuid da505f80 nt0 00000000 ks0 40129271 par0 1100
Sec 0 key A cuid da505f80 nt0 00000000 ks0 0928f668 par0 0111
Sec 0 key A cuid da505f80 nt0 00000000 ks0 b3631046 par0 1000
Sec 0 key A cuid da505f80 nt0 00000000 ks0 7c2a262c par0 1101
Sec 0 key A cuid da505f80 nt0 00000000 ks0 230ed55b par0 0111
Sec 0 key A cuid da505f80 nt0 00000000 ks0 c4d1ebe2 par0 0100
Sec 0 key A cuid da505f80 nt0 00000000 ks0 d985080b par0 1011
Sec 0 key A cuid da505f80 nt0 00000000 ks0 b0e30568 par0 1101
Sec 0 key A cuid da505f80 nt0 00000000 ks0 d118f08a par0 1100
Sec 0 key A cuid da505f80 nt0 00000000 ks0 e5981193 par0 0111
Sec 0 key A cuid da505f80 nt0 00000000 ks0 06604b44 par0 1000
Sec 0 key A cuid da505f80 nt0 00000000 ks0 eb6a1f2a par0 0000
Sec 0 key A cuid da505f80 nt0 00000000 ks0 46007901 par0 0000
Sec 0 key A cuid da505f80 nt0 00000000 ks0 0452c4dd par0 0110
Sec 0 key A cuid da505f80 nt0 00000000 ks0 51c0fbbb par0 0000
Sec 0 key A cuid da505f80 nt0 00000000 ks0 6074be98 par0 0010
Sec 0 key A cuid da505f80 nt0 00000000 ks0 39dc840d par0 0110
Sec 0 key A cuid da505f80 nt0 00000000 ks0 e9754b62 par0 0100
Sec 0 key A cuid da505f80 nt0 00000000 ks0 a404a6af par0 0011
Sec 0 key A cuid da505f80 nt0 00000000 ks0 48facac4 par0 1110
Sec 0 key A cuid da505f80 nt0 00000000 ks0 03e64a03 par0 0010
Sec 0 key A cuid da505f80 nt0 00000000 ks0 58830129 par0 0010
Sec 0 key A cuid da505f80 nt0 00000000 ks0 452133c1 par0 0000
Sec 0 key A cuid da505f80 nt0 00000000 ks0 8b50ec2b par0 1100
Sec 0 key A cuid da505f80 nt0 00000000 ks0 5c27dac1 par0 0100
Sec 0 key A cuid da505f80 nt0 00000000 ks0 7b3d6820 par0 0101
Sec 0 key A cuid da505f80 nt0 00000000 ks0 45bd1d09 par0 0001
Sec 0 key A cuid da505f80 nt0 00000000 ks0 2ecde78b par0 1110
Sec 0 key A cuid da505f80 nt0 00000000 ks0 9e6fb99d par0 1000
Sec 0 key A cuid da505f80 nt0 00000000 ks0 a40983dc par0 0101
Sec 0 key A cuid da505f80 nt0 00000000 ks0 e17f76a1 par0 1111
Sec 0 key A cuid da505f80 nt0 00000000 ks0 1c4ff4d1 par0 1011
Sec 0 key A cuid da505f80 nt0 00000000 ks0 587195b1 par0 0111
Sec 0 key A cuid da505f80 nt0 00000000 ks0 70c51820 par0 1011
Sec 0 key A cuid da505f80 nt0 00000000 ks0 0dffdd46 par0 1001
Sec 0 key A cuid da505f80 nt0 00000000 ks0 28c917db par0 0001
Sec 0 key A cuid da505f80 nt0 00000000 ks0 e6239465 par0 1101
Sec 0 key A cuid da505f80 nt0 00000000 ks0 d6027931 par0 1100
Sec 0 key A cuid da505f80 nt0 00000000 ks0 b6b12c78 par0 1110
Sec 0 key A cuid da505f80 nt0 00000000 ks0 7cfe8d11 par0 1010
Sec 0 key A cuid da505f80 nt0 00000000 ks0 0e02bdd6 par0 1010
Sec 0 key A cuid da505f80 nt0 00000000 ks0 6d08a5bc par0 0101
Sec 0 key A cuid da505f80 nt0 00000000 ks0 de57564f par0 0010
Sec 0 key A cuid da505f80 nt0 00000000 ks0 cdaba397 par0 1111
Sec 0 key A cuid da505f80 nt0 00000000 ks0 7cccbe13 par0 1110
Sec 0 key A cuid da505f80 nt0 00000000 ks0 7b38830e par0 0001
Sec 0 key A cuid da505f80 nt0 00000000 ks0 bf666809 par0 1100
Sec 0 key A cuid da505f80 nt0 00000000 ks0 013b4247 par0 0001
Sec 0 key A cuid da505f80 nt0 00000000 ks0 22e5a4e1 par0 1101
Sec 0 key A cuid da505f80 nt0 00000000 ks0 53cc8d9d par0 0100
Sec 0 key A cuid da505f80 nt0 00000000 ks0 c6f0a80c par0 0011
Sec 0 key A cuid da505f80 nt0 00000000 ks0 c27ee920 par0 0011
Sec 0 key A cuid da505f80 nt0 00000000 ks0 10f66fb0 par0 1101
Sec 0 key A cuid da505f80 nt0 00000000 ks0 938a62d8 par0 0000
Sec 0 key A cuid da505f80 nt0 00000000 ks0 f64f638b par0 0100
Sec 0 key A cuid da505f80 nt0 00000000 ks0 eed221ef par0 1111
Sec 0 key A cuid da505f80 nt0 00000000 ks0 de243beb par0 0110
Sec 0 key A cuid da505f80 nt0 00000000 ks0 9e7a3972 par0 1000
Sec 0 key A cuid da505f80 nt0 00000000 ks0 932630f3 par0 0000
Sec 0 key A cuid da505f80 nt0 00000000 ks0 408b46d4 par0 1001
Sec 0 key A cuid da505f80 nt0 00000000 ks0 b7f336db par0 1101
Sec 0 key A cuid da505f80 nt0 00000000 ks0 dec2fa18 par0 0111
Sec 0 key A cuid da505f80 nt0 00000000 ks0 0fcd7088 par0 1100
Sec 0 key A cuid da505f80 nt0 00000000 ks0 9ae81180 par0 0000
Sec 0 key A cuid da505f80 nt0 00000000 ks0 2326650f par0 0101
Sec 0 key A cuid da505f80 nt0 00000000 ks0 8f7cd66e par0 0111
Sec 0 key A cuid da505f80 nt0 00000000 ks0 1f6129b0 par0 0001
Sec 0 key A cuid da505f80 nt0 00000000 ks0 6bd06ca6 par0 1111
Sec 0 key A cuid da505f80 nt0 00000000 ks0 3bbf6f45 par0 1010
Sec 0 key A cuid da505f80 nt0 00000000 ks0 d63cfeea par0 1000
Sec 0 key A cuid da505f80 nt0 00000000 ks0 3a57ebaa par0 1001
Sec 0 key A cuid da505f80 nt0 00000000 ks0 41c694fa par0 1011
Sec 0 key A cuid da505f80 nt0 00000000 ks0 b11118fa par0 1101
Sec 0 key A cuid da505f80 nt0 00000000 ks0 6ff3bb9c par0 0011
Sec 0 key A cuid da505f80 nt0 00000000 ks0 2ca3855d par0 1001
Sec 0 key A cuid da505f80 nt0 00000000 ks0 02812a00 par0 0110
Sec 0 key A cuid da505f80 nt0 00000000 ks0 90445b98 par0 0000
Sec 0 key A cuid da505f80 nt0 00000000 ks0 e76dc81b par0 1101
Sec 0 key A cuid da505f80 nt0 00000000 ks0 e8613af7 par0 1100
Sec 0 key A cuid da505f80 nt0 00000000 ks0 907d9613 par0 0000
Sec 0 key A cuid da505f80 nt0 00000000 ks0 14a0b759 par0 1110
Sec 0 key A cuid da505f80 nt0 00000000 ks0 ba7446b6 par0 0101
Sec 0 key A cuid da505f80 nt0 00000000 ks0 e77f2ee2 par0 1100
Sec 0 key A cuid da505f80 nt0 00000000 ks0 3039c324 par0 0100
Sec 0 key A cuid da505f80 nt0 00000000 ks0 156a7eb5 par0 1100
Sec 0 key A cuid da505f80 nt0 00000000 ks0 cb8bfb8b par0 0010
Sec 0 key A cuid da505f80 nt0 00000000 ks0 43fdf1ab par0 1111
Sec 0 key A cuid da505f80 nt0 00000000 ks0 f1a19fe2 par0 0010
Sec 0 key A cuid da505f80 nt0 00000000 ks0 69cae351 par0 0011
Sec 0 key A cuid da505f80 nt0 00000000 ks0 24da2f5d par0 1011
Sec 0 key A cuid da505f80 nt0 00000000 ks0 837195bd par0 1011
Sec 0 key A cuid da505f80 nt0 00000000 ks0 30b1f6ba par0 0001
Sec 0 key A cuid da505f80 nt0 00000000 ks0 f1f18e81 par0 0001
Sec 0 key A cuid da505f80 nt0 00000000 ks0 2488c3b4 par0 1010
Sec 0 key A cuid da505f80 nt0 00000000 ks0 69a33a00 par0 0111
Sec 0 key A cuid da505f80 nt0 00000000 ks0 39fac600 par0 0111
Sec 0 key A cuid da505f80 nt0 00000000 ks0 0f65cca6 par0 1110
Sec 0 key A cuid da505f80 nt0 00000000 ks0 339d063b par0 1100
Sec 0 key A cuid da505f80 nt0 00000000 ks0 06975a91 par0 1011
Sec 0 key A cuid da505f80 nt0 00000000 ks0 8a026a29 par0 1100
Sec 0 key A cuid da505f80 nt0 00000000 ks0 30d34537 par0 0101
Sec 0 key A cuid da505f80 nt0 00000000 ks0 0c732ce8 par0 0000
Sec 0 key A cuid da505f80 nt0 00000000 ks0 12a8eeca par0 1011
Sec 0 key A cuid da505f80 nt0 00000000 ks0 ffc968f0 par0 0111
Sec 0 key A cuid da505f80 nt0 00000000 ks0 44c15f91 par0 1011
Sec 0 key A cuid da505f80 nt0 00000000 ks0 1c872803 par0 1000
Sec 0 key A cuid da505f80 nt0 00000000 ks0 b0c0c27e par0 1100
Sec 0 key A cuid da505f80 nt0 00000000 ks0 5539d1c8 par0 0111
Sec 0 key A cuid da505f80 nt0 00000000 ks0 c2209897 par0 0001
Sec 0 key A cuid da505f80 nt0 00000000 ks0 8d494b13 par0 0000
Sec 0 key A cuid da505f80 nt0 00000000 ks0 deff7606 par0 0011
Sec 0 key A cuid da505f80 nt0 00000000 ks0 29dbd4c4 par0 1010
Sec 0 key A cuid da505f80 nt0 00000000 ks0 729caede par0 1111
Sec 0 key A cuid da505f80 nt0 00000000 ks0 f999cd9a par0 1011
Sec 0 key A cuid da505f80 nt0 00000000 ks0 69497f4c par0 0110
Sec 0 key A cuid da505f80 nt0 00000000 ks0 b224fc55 par0 0001
Sec 0 key A cuid da505f80 nt0 00000000 ks0 fb7c2e6b par0 1111
Sec 0 key A cuid da505f80 nt0 00000000 ks0 9c653c8f par0 1100
Sec 0 key A cuid da505f80 nt0 00000000 ks0 bb186077 par0 0110
Sec 0 key A cuid da505f80 nt0 00000000 ks0 c24d6e15 par0 0110
Sec 0 key A cuid da505f80 nt0 00000000 ks0 f8691326 par0 0001
Sec 0 key A cuid da505f80 nt0 00000000 ks0 ddc97593 par0 1100
Sec 0 key A cuid da505f80 nt0 00000000 ks0 024660cc par0 0000
Sec 0 key A cuid da505f80 nt0 00000000 ks0 0b007197 par0 0010
Sec 0 key A cuid da505f80 nt0 00000000 ks0 bba4cebe par0 0001
Sec 0 key A cuid da505f80 nt0 00000000 ks0 759c662e par0 1111
Sec 0 key A cuid da505f80 nt0 00000000 ks0 a6bf816f par0 0000
Sec 0 key A cuid da505f80 nt0 00000000 ks0 0c479f3c par0 0100
Sec 0 key A cuid da505f80 nt0 00000000 ks0 5841bfc5 par0 0001
Sec 0 key A cuid da505f80 nt0 00000000 ks0 9058e855 par0 0100
Sec 0 key A cuid da505f80 nt0 00000000 ks0 338a2586 par0 1001
Sec 0 key A cuid da505f80 nt0 00000000 ks0 d573eb38 par0 1011
Sec 0 key A cuid da505f80 nt0 00000000 ks0 dfe41310 par0 0111
Sec 0 key A cuid da505f80 nt0 00000000 ks0 c7faf6cb par0 1011
Sec 0 key A cuid da505f80 nt0 00000000 ks0 ab5c73f1 par0 1010
Sec 0 key A cuid da505f80 nt0 00000000 ks0 fc0d76b0 par0 0010
Sec 0 key A cuid da505f80 nt0 00000000 ks0 34044987 par0 0111
Sec 0 key A cuid da505f80 nt0 00000000 ks0 7f5480d0 par0 1001
Sec 0 key A cuid da505f80 nt0 00000000 ks0 de617b7c par0 0100
Sec 0 key A cuid da505f80 nt0 00000000 ks0 fe20fa32 par0 0100
Sec 0 key A cuid da505f80 nt0 00000000 ks0 d2c66e58 par0 1111
Sec 0 key A cuid da505f80 nt0 00000000 ks0 f66c8798 par0 0000
Sec 0 key A cuid da505f80 nt0 00000000 ks0 df6343b1 par0 0111
Sec 0 key A cuid da505f80 nt0 00000000 ks0 f9cbef33 par0 1100
Sec 0 key A cuid da505f80 nt0 00000000 ks0 e8f94634 par0 1110
Sec 0 key A cuid da505f80 nt0 00000000 ks0 92f0bdc5 par0 0010
Sec 0 key A cuid da505f80 nt0 00000000 ks0 b5df203b par0 1000
Sec 0 key A cuid da505f80 nt0 00000000 ks0 98ae1577 par0 0100
Sec 0 key A cuid da505f80 nt0 00000000 ks0 b61c25b1 par0 1010
Sec 0 key A cuid da505f80 nt0 00000000 ks0 2b992042 par0 0001
Sec 0 key A cuid da505f80 nt0 00000000 ks0 46481bb2 par0 0101
Sec 0 key A cuid da505f80 nt0 00000000 ks0 cb898d50 par0 0111
Sec 0 key A cuid da505f80 nt0 00000000 ks0 5d7dd0ae par0 1101
Sec 0 key A cuid da505f80 nt0 00000000 ks0 3b2ea015 par0 1000
Sec 0 key A cuid da505f80 nt0 00000000 ks0 9add0fb4 par0 0001
Sec 0 key A cuid da505f80 nt0 00000000 ks0 350077fc par0 0011
Sec 0 key A cuid da505f80 nt0 00000000 ks0 9fbf027a par0 1110
Sec 0 key A cuid da505f80 nt0 00000000 ks0 1638bbea par0 0010
Sec 0 key A cuid da505f80 nt0 00000000 ks0 c088c7a0 par0 0010
Sec 0 key A cuid da505f80 nt0 00000000 ks0 0454229f par0 0100
Sec 0 key A cuid da505f80 nt0 00000000 ks0 a39251ae par0 0100
Sec 0 key A cuid da505f80 nt0 00000000 ks0 1ee33bd6 par0 0000
Sec 0 key A cuid da505f80 nt0 00000000 ks0 b77c80c4 par0 1000
Sec 0 key A cuid da505f80 nt0 00000000 ks0 71f9053f par0 1111
Sec 0 key A cuid da505f80 nt0 00000000 ks0 8f428af0 par0 0101
Sec 0 key A cuid da505f80 nt0 00000000 ks0 13c6628d par0 1111
Sec 0 key A cuid da505f80 nt0 00000000 ks0 2cfcd23c par0 1100
Sec 0 key A cuid da505f80 nt0 00000000 ks0 65a467d0 par0 1011
Sec 0 key A cuid da505f80 nt0 00000000 ks0 9b912e11 par0 0011
Sec 0 key A cuid da505f80 nt0 00000000 ks0 7160a7a4 par0 1001
Sec 0 key A cuid da505f80 nt0 00000000 ks0 6bfb8368 par0 1101
Sec 0 key A cuid da505f80 nt0 00000000 ks0 b00e6a56 par0 1110
Sec 0 key A cuid da505f80 nt0 00000000 ks0 495641b0 par0 1110
Sec 0 key A cuid da505f80 nt0 00000000 ks0 5950ce5c par0 0110
Sec 0 key A cuid da505f80 nt0 00000000 ks0 727533ec par0 1010
Sec 0 key A cuid da505f80 nt0 00000000 ks0 6010ad45 par0 0111
Sec 0 key A cuid da505f80 nt0 00000000 ks0 401fa8c1 par0 1111
Sec 0 key A cuid da505f80 nt0 00000000 ks0 41439436 par0 1110
Sec 0 key A cuid da505f80 nt0 00000000 ks0 a31cb39e par0 0000
Sec 0 key A cuid da505f80 nt0 00000000 ks0 35841e76 par0 0011
Sec 0 key A cuid da505f80 nt0 00000000 ks0 444c48e2 par0 1011
Sec 0 key A cuid da505f80 nt0 00000000 ks0 179d5fa2 par0 1111
Sec 0 key A cuid da505f80 nt0 00000000 ks0 ccbf1cb9 par0 1101
Sec 0 key A cuid da505f80 nt0 00000000 ks0 878ab19d par0 0110
Sec 0 key A cuid da505f80 nt0 00000000 ks0 885369f3 par0 1100
Sec 0 key A cuid da505f80 nt0 00000000 ks0 b20ee0a4 par0 0011
Sec 0 key A cuid da505f80 nt0 00000000 ks0 98f4bfbc par0 0001
Sec 0 key A cuid da505f80 nt0 00000000 ks0 ea8ef324 par0 0000
Sec 0 key A cuid da505f80 nt0 00000000 ks0 0026e4ad par0 0101
Sec 0 key A cuid da505f80 nt0 00000000 ks0 c0d0778e par0 0110
Sec 0 key A cuid da505f80 nt0 00000000 ks0 f2735e99 par0 1010
Sec 0 key A cuid da505f80 nt0 00000000 ks0 eaf851f6 par0 0111
Sec 0 key A cuid da505f80 nt0 00000000 ks0 a54d4d15 par0 1100
Sec 0 key A cuid da505f80 nt0 00000000 ks0 7a089dd1 par0 0100
Sec 0 key A cuid da505f80 nt0 00000000 ks0 eaef5dc5 par0 0010
Sec 0 key A cuid da505f80 nt0 00000000 ks0 483ae382 par0 1100
Sec 0 key A cuid da505f80 nt0 00000000 ks0 629cd9fa par0 0001
Sec 0 key A cuid da505f80 nt0 00000000 ks0 00d1d12c par0 0011
Sec 0 key A cuid da505f80 nt0 00000000 ks0 460e4fc5 par0 0100
Sec 0 key A cuid da505f80 nt0 00000000 ks0 07a6f7a0 par0 1111
Sec 0 key A cuid da505f80 nt0 00000000 ks0 3a52cb01 par0 1110
Sec 0 key A cuid da505f80 nt0 00000000 ks0 73a0f590 par0 0010
Sec 0 key A cuid da505f80 nt0 00000000 ks0 497a9659 par0 1110
Sec 0 key A cuid da505f80 nt0 00000000 ks0 969e9e4b par0 0010
Sec 0 key A cuid da505f80 nt0 00000000 ks0 89d1d55d par0 1001
Sec 0 key A cuid da505f80 nt0 00000000 ks0 5122046e par0 0110
Sec 0 key A cuid da505f80 nt0 00000000 ks0 077c08b6 par0 1000
Sec 0 key A cuid da505f80 nt0 00000000 ks0 3c825752 par0 0100
Sec 0 key A cuid da505f80 nt0 00000000 ks0 a47ad90b par0 0111
Sec 0 key A cuid da505f80 nt0 00000000 ks0 380f68ac par0 1010
Sec 0 key A cuid da505f80 nt0 00000000 ks0 1e491e84 par0 0101
Sec 0 key A cuid da505f80 nt0 00000000 ks0 b1a5ea18 par0 1000
Sec 0 key A cuid da505f80 nt0 00000000 ks0 1f1e7882 par0 0000
Sec 0 key A cuid da505f80 nt0 00000000 ks0 395e1690 par0 0011
Sec 0 key A cuid da505f80 nt0 00000000 ks0 3cc92966 par0 0011
Sec 0 key A cuid da505f80 nt0 00000000 ks0 3e0a4cc0 par0 0010
Sec 0 key A cuid da505f80 nt0 00000000 ks0 fc0e6bda par0 0001
Sec 0 key A cuid da505f80 nt0 00000000 ks0 923abc94 par0 0001
Sec 0 key A cuid da505f80 nt0 00000000 ks0 54420bb3 par0 0100
Sec 0 key A cuid da505f80 nt0 00000000 ks0 92ddace0 par0 0111
Sec 0 key A cuid da505f80 nt0 00000000 ks0 e8747d78 par0 1101
Sec 0 key A cuid da505f80 nt0 00000000 ks0 f9eb0202 par0 1011
Sec 0 key A cuid da505f80 nt0 00000000 ks0 dc1b78eb par0 0011
Sec 0 key A cuid da505f80 nt0 00000000 ks0 361f3cf0 par0 0101
Sec 0 key A cuid da505f80 nt0 00000000 ks0 006102cb par0 0110
Sec 0 key A cuid da505f80 nt0 00000000 ks0 ab1453d1 par0 1111
Sec 0 key A cuid da505f80 nt0 00000000 ks0 f883138f par0 0100
Sec 0 key A cuid da505f80 nt0 00000000 ks0 b724b6f2 par0 1110
Sec 0 key A cuid da505f80 nt0 00000000 ks0 b5322acf par0 1001
Sec 0 key A cuid da505f80 nt0 00000000 ks0 5676a950 par0 1011
Sec 0 key A cuid da505f80 nt0 00000000 ks0 acbce941 par0 0011
Sec 0 key A cuid da505f80 nt0 00000000 ks0 d737689b par0 0010
Sec 0 key A cuid da505f80 nt0 00000000 ks0 8237e31b par0 1111
Sec 0 key A cuid da505f80 nt0 00000000 ks0 33ef258c par0 1010
Sec 0 key A cuid da505f80 nt0 00000000 ks0 c0d8689f par0 0001
Sec 0 key A cuid da505f80 nt0 00000000 ks0 4f7c7a37 par0 0101
Sec 0 key A cuid da505f80 nt0 00000000 ks0 de7de69a par0 0111
Sec 0 key A cuid da505f80 nt0 00000000 ks0 1a36d368 par0 1010
Sec 0 key A cuid da505f80 nt0 00000000 ks0 69fc8ff5 par0 0010
Sec 0 key A cuid da505f80 nt0 00000000 ks0 6130593a par0 0001
Sec 0 key A cuid da505f80 nt0 00000000 ks0 30b94607 par0 0001
Sec 0 key A cuid da505f80 nt0 00000000 ks0 62c63574 par0 0101
Sec 0 key A cuid da505f80 nt0 00000000 ks0 41c0a825 par0 1101
Sec 0 key A cuid da505f80 nt0 00000000 ks0 34905e67 par0 0111
Sec 0 key A cuid da505f80 nt0 00000000 ks0 d05e130f par0 1110
Sec 0 key A cuid da505f80 nt0 00000000 ks0 138d03bd par0 1101
Sec 0 key A cuid da505f80 nt0 00000000 ks0 4bcc77f1 par0 1011
Sec 0 key A cuid da505f80 nt0 00000000 ks0 36dadb86 par0 0000
Sec 0 key A cuid da505f80 nt0 00000000 ks0 52f19d0c par0 0101
Sec 0 key A cuid da505f80 nt0 00000000 ks0 c1414047 par0 0110
Sec 0 key A cuid da505f80 nt0 00000000 ks0 dd360b66 par0 1111
Sec 0 key A cuid da505f80 nt0 00000000 ks0 61a0ffe3 par0 0001
Sec 0 key A cuid da505f80 nt0 00000000 ks0 57ee061f par0 0011
Sec 0 key A cuid da505f80 nt0 00000000 ks0 a525ea7d par0 1101
Sec 0 key A cuid da505f80 nt0 00000000 ks0 f1109470 par0 0011
Sec 0 key A cuid da505f80 nt0 00000000 ks0 1df97334 par0 0100
Sec 0 key A cuid da505f80 nt0 00000000 ks0 d8c76d60 par0 1111
Sec 0 key A cuid da505f80 nt0 00000000 ks0 b77c9fb8 par0 1000
Sec 0 key A cuid da505f80 nt0 00000000 ks0 7f3a7514 par0 1010
Sec 0 key A cuid da505f80 nt0 00000000 ks0 128c9271 par0 1010
Sec 0 key A cuid da505f80 nt0 00000000 ks0 65f1468e par0 1000
Sec 0 key A cuid da505f80 nt0 00000000 ks0 ed2d1c8e par0 0000
Sec 0 key A cuid da505f80 nt0 00000000 ks0 6a179486 par0 1100
Sec 0 key A cuid da505f80 nt0 00000000 ks0 f7a53cc6 par0 0110
Sec 0 key A cuid da505f80 nt0 00000000 ks0 53d25f8c par0 0100
Sec 0 key A cuid da505f80 nt0 00000000 ks0 c896a271 par0 0011
Sec 0 key A cuid da505f80 nt0 00000000 ks0 5a272eb2 par0 0011
Sec 0 key A cuid da505f80 nt0 00000000 ks0 f895e04c par0 0000
Sec 0 key A cuid da505f80 nt0 00000000 ks0 54f01521 par0 0001
Sec 0 key A cuid da505f80 nt0 00000000 ks0 1caf34ee par0 1000
Sec 0 key A cuid da505f80 nt0 00000000 ks0 d806a2b4 par0 1011
Sec 0 key A cuid da505f80 nt0 00000000 ks0 98e7c07a par0 0000
Sec 0 key A cuid da505f80 nt0 00000000 ks0 a2052e2a par0 1010
Sec 0 key A cuid da505f80 nt0 00000000 ks0 903a55d7 par0 0100
Sec 0 key A cuid da505f80 nt0 00000000 ks0 3f6992f0 par0 0001
Sec 0 key A cuid da505f80 nt0 00000000 ks0 f825d6d3 par0 0011
Sec 0 key A cuid da505f80 nt0 00000000 ks0 1903c1e9 par0 1001
Sec 0 key A cuid da505f80 nt0 00000000 ks0 f2fce5c8 par0 1110
Sec 0 key A cuid da505f80 nt0 00000000 ks0 c0a1b590 par0 0011
Sec 0 key A cuid da505f80 nt0 00000000 ks0 6508e18f par0 1100
Sec 0 key A cuid da505f80 nt0 00000000 ks0 b4bdd7f2 par0 1111
Sec 0 key A cuid da505f80 nt0 00000000 ks0 e974377c par0 0100
Sec 0 key A cuid da505f80 nt0 00000000 ks0 99e98463 par0 0011
Sec 0 key A cuid da505f80 nt0 00000000 ks0 21f22ae8 par0 1111
Sec 0 key A cuid da505f80 nt0 00000000 ks0 1c240834 par0 1101
Sec 0 key A cuid da505f80 nt0 00000000 ks0 a30fbde9 par0 0010
Sec 0 key A cuid da505f80 nt0 00000000 ks0 cc68687b par0 1100
Sec 0 key A cuid da505f80 nt0 00000000 ks0 f0dd4e08 par0 0011
Sec 0 key A cuid da505f80 nt0 00000000 ks0 7d03e0a8 par0 1000
Sec 0 key A cuid da505f80 nt0 00000000 ks0 a11b88a9 par0 0111
Sec 0 key A cuid da505f80 nt0 00000000 ks0 15f3fc26 par0 1110
Sec 0 key A cuid da505f80 nt0 00000000 ks0 a993d967 par0 1011
Sec 0 key A cuid da505f80 nt0 00000000 ks0 4dea47e2 par0 0111
Sec 0 key A cuid da505f80 nt0 00000000 ks0 c700f3cd par0 1111
Sec 0 key A cuid da505f80 nt0 00000000 ks0 50f081a8 par0 0011
Sec 0 key A cuid da505f80 nt0 00000000 ks0 3bc1c37c par0 1100
Sec 0 key A cuid da505f80 nt0 00000000 ks0 fca4d445 par0 0110
Sec 0 key A cuid da505f80 nt0 00000000 ks0 4d38f4d0 par0 0010
Sec 0 key A cuid da505f80 nt0 00000000 ks0 0d9c2a8c par0 1011
Sec 0 key A cuid da505f80 nt0 00000000 ks0 4daee697 par0 0101
Sec 0 key A cuid da505f80 nt0 00000000 ks0 73772711 par0 0011
Sec 0 key A cuid da505f80 nt0 00000000 ks0 13cb6da3 par0 1010
Sec 0 key A cuid da505f80 nt0 00000000 ks0 929e93ab par0 0011
Sec 0 key A cuid da505f80 nt0 00000000 ks0 2f561354 par0 1110
Sec 0 key A cuid da505f80 nt0 00000000 ks0 4e32441a par0 0111
Sec 0 key A cuid da505f80 nt0 00000000 ks0 01534678 par0 0100
Sec 0 key A cuid da505f80 nt0 00000000 ks0 dc7a30f6 par0 0011
Sec 0 key A cuid da505f80 nt0 00000000 ks0 0bd7365a par0 0001
Sec 0 key A cuid da505f80 nt0 00000000 ks0 5521f424 par0 0100
Sec 0 key A cuid da505f80 nt0 00000000 ks0 03e77810 par0 0000
Sec 0 key A cuid da505f80 nt0 00000000 ks0 876750f9 par0 0001
Sec 0 key A cuid da505f80 nt0 00000000 ks0 246650e8 par0 1001
Sec 0 key A cuid da505f80 nt0 00000000 ks0 a641f07a par0 0001
Sec 0 key A cuid da505f80 nt0 00000000 ks0 1e9abd90 par0 0110
Sec 0 key A cuid da505f80 nt0 00000000 ks0 2a4b0e43 par0 0011
Sec 0 key A cuid da505f80 nt0 00000000 ks0 a0539467 par0 0001
Sec 0 key A cuid da505f80 nt0 00000000 ks0 872357c1 par0 0011
Sec 0 key A cuid da505f80 nt0 00000000 ks0 0af423e9 par0 0000
Sec 0 key A cuid da505f80 nt0 00000000 ks0 fe40e57f par0 0000
Sec 0 key A cuid da505f80 nt0 00000000 ks0 d2c879c5 par0 1000
Sec 0 key A cuid da505f80 nt0 00000000 ks0 04738c37 par0 0001
Sec 0 key A cuid da505f80 nt0 00000000 ks0 99bfe902 par0 0011
Sec 0 key A cuid da505f80 nt0 00000000 ks0 510e7504 par0 0011
Sec 0 key A cuid da505f80 nt0 00000000 ks0 7cdae930 par0 1001
Sec 0 key A cuid da505f80 nt0 00000000 ks0 7ca5ac21 par0 1010
Sec 0 key A cuid da505f80 nt0 00000000 ks0 63349b46 par0 1100
Sec 0 key A cuid da505f80 nt0 00000000 ks0 f523951f par0 0010
Sec 0 key A cuid da505f80 nt0 00000000 ks0 25798029 par0 0001
Sec 0 key A cuid da505f80 nt0 00000000 ks0 b1f8e8cb par0 1111
Sec 0 key A cuid da505f80 nt0 00000000 ks0 73add841 par0 0001
Sec 0 key A cuid da505f80 nt0 00000000 ks0 b2f4de9c par0 0100
Sec 0 key A cuid da505f80 nt0 00000000 ks0 07cffd60 par0 1011
Sec 0 key A cuid da505f80 nt0 00000000 ks0 64ba1c27 par0 0010
Sec 0 key A cuid da505f80 nt0 00000000 ks0 d50fe414 par0 1010
Sec 0 key A cuid da505f80 nt0 00000000 ks0 cce08129 par0 1100
Sec 0 key A cuid da505f80 nt0 00000000 ks0 3c4f21c6 par0 0001
Sec 0 key A cuid da505f80 nt0 00000000 ks0 31e545b1 par0 0001
Sec 0 key A cuid da505f80 nt0 00000000 ks0 e741db7f par0 1000
Sec 0 key A cuid da505f80 nt0 00000000 ks0 9cad3123 par0 1101
Sec 0 key A cuid da505f80 nt0 00000000 ks0 646ac778 par0 0111
Sec 0 key A cuid da505f80 nt0 00000000 ks0 2ebc2485 par0 1010
Sec 0 key A cuid da505f80 nt0 00000000 ks0 3f1b67fb par0 0010
Sec 0 key A cuid da505f80 nt0 00000000 ks0 6609239a par0 0001
Sec 0 key A cuid da505f80 nt0 00000000 ks0 7b278819 par0 0111
Sec 0 key A cuid da505f80 nt0 00000000 ks0 4e910377 par0 0110
Sec 0 key A cuid da505f80 nt0 00000000 ks0 728d8828 par0 1001
Sec 0 key A cuid da505f80 nt0 00000000 ks0 fac1e1b3 par0 1000
Sec 0 key A cuid da505f80 nt0 00000000 ks0 d2de94cb par0 1011
Sec 0 key A cuid da505f80 nt0 00000000 ks0 03391593 par0 0110
Sec 0 key A cuid da505f80 nt0 00000000 ks0 dbdee605 par0 1001
Sec 0 key A cuid da505f80 nt0 00000000 ks0 c0a1ce0d par0 0010
Sec 0 key A cuid da505f80 nt0 00000000 ks0 31e6281d par0 0000
Sec 0 key A cuid da505f80 nt0 00000000 ks0 43c9e1b6 par0 1101
Sec 0 key A cuid da505f80 nt0 00000000 ks0 a3d02a61 par0 0011
Sec 0 key A cuid da505f80 nt0 00000000 ks0 8e7fb56a par0 0001
Sec 0 key A cuid da505f80 nt0 00000000 ks0 f5d56734 par0 0011
Sec 0 key A cuid da505f80 nt0 00000000 ks0 c5b8288a par0 1110
Sec 0 key A cuid da505f80 nt0 00000000 ks0 f2062f30 par0 1010
Sec 0 key A cuid da505f80 nt0 00000000 ks0 271eeaf1 par0 0101
Sec 0 key A cuid da505f80 nt0 00000000 ks0 63fd365d par0 1011
Sec 0 key A cuid da505f80 nt0 00000000 ks0 f39eef40 par0 0000
Sec 0 key A cuid da505f80 nt0 00000000 ks0 2d20503f par0 1000
Sec 0 key A cuid da505f80 nt0 00000000 ks0 26e8e94b par0 1000
Sec 0 key A cuid da505f80 nt0 00000000 ks0 c853cef5 par0 0010
Sec 0 key A cuid da505f80 nt0 00000000 ks0 6d3d3f45 par0 0100
Sec 0 key A cuid da505f80 nt0 00000000 ks0 0b12ba29 par0 0100
Sec 0 key A cuid da505f80 nt0 00000000 ks0 14fc3a52 par0 1001
Sec 0 key A cuid da505f80 nt0 00000000 ks0 0ed9bedd par0 1100
Sec 0 key A cuid da505f80 nt0 00000000 ks0 2bf83d0f par0 0001
Sec 0 key A cuid da505f80 nt0 00000000 ks0 5d0c41ab par0 1011
Sec 0 key A cuid da505f80 nt0 00000000 ks0 406482dd par0 1011
Sec 0 key A cuid da505f80 nt0 00000000 ks0 2d86b499 par0 1110
Sec 0 key A cuid da505f80 nt0 00000000 ks0 8cbc2775 par0 0100
Sec 0 key A cuid da505f80 nt0 00000000 ks0 ccb0bdb9 par0 1100
Sec 0 key A cuid da505f80 nt0 00000000 ks0 c72c6a23 par0 1011
Sec 0 key A cuid da505f80 nt0 00000000 ks0 f04a8ea8 par0 0001
Sec 0 key A cuid da505f80 nt0 00000000 ks0 a2d84783 par0 1111
Sec 0 key A cuid da505f80 nt0 00000000 ks0 10be5ca6 par0 1010
Sec 0 key A cuid da505f80 nt0 00000000 ks0 7a07fec1 par0 0001
Sec 0 key A cuid da505f80 nt0 00000000 ks0 809f2044 par0 1000
Sec 0 key A cuid da505f80 nt0 00000000 ks0 f74b4057 par0 0111
Sec 0 key A cuid da505f80 nt0 00000000 ks0 4d94ce5c par0 0101
Sec 0 key A cuid da505f80 nt0 00000000 ks0 ac9a321c par0 0111
Sec 0 key A cuid da505f80 nt0 00000000 ks0 f177cf7a par0 0001
Sec 0 key A cuid da505f80 nt0 00000000 ks0 3002c8f2 par0 0100
Sec 0 key A cuid da505f80 nt0 00000000 ks0 39b3b6c1 par0 0110
Sec 0 key A cuid da505f80 nt0 00000000 ks0 67001670 par0 1101
Sec 0 key A cuid da505f80 nt0 00000000 ks0 061f1b79 par0 1001
Sec 0 key A cuid da505f80 nt0 00000000 ks0 c25ed0f5 par0 0001
Sec 0 key A cuid da505f80 nt0 00000000 ks0 7db67c39 par0 1110
Sec 0 key A cuid da505f80 nt0 00000000 ks0 aab7a610 par0 1001
Sec 0 key A cuid da505f80 nt0 00000000 ks0 11943436 par0 1010
Sec 0 key A cuid da505f80 nt0 00000000 ks0 dbad4b3d par0 1011
Sec 0 key A cuid da505f80 nt0 00000000 ks0 a33e0ba0 par0 0100
Sec 0 key A cuid da505f80 nt0 00000000 ks0 70c9d876 par0 1100
Sec 0 key A cuid da505f80 nt0 00000000 ks0 ee22fa8d par0 1110
Sec 0 key A cuid da505f80 nt0 00000000 ks0 6a16afb2 par0 1000
Sec 0 key A cuid da505f80 nt0 00000000 ks0 2de271b3 par0 1100
Sec 0 key A cuid da505f80 nt0 00000000 ks0 dbfa94f3 par0 1010
Sec 0 key A cuid da505f80 nt0 00000000 ks0 46dc8e81 par0 0000
Sec 0 key A cuid da505f80 nt0 00000000 ks0 76aa78eb par0 1100
Sec 0 key A cuid da505f80 nt0 00000000 ks0 6a9fa359 par0 1101
Sec 0 key A cuid da505f80 nt0 00000000 ks0 7c81f02c par0 1100
Sec 0 key A cuid da505f80 nt0 00000000 ks0 779ad6fa par0 1110
Sec 0 key A cuid da505f80 nt0 00000000 ks0 3eede566 par0 0110
Sec 0 key A cuid da505f80 nt0 00000000 ks0 c0cd4eec par0 0011
Sec 0 key A cuid da505f80 nt0 00000000 ks0 1547e971 par0 1101
Sec 0 key A cuid da505f80 nt0 00000000 ks0 466b5a02 par0 0111
Sec 0 key A cuid da505f80 nt0 00000000 ks0 7d18057f par0 1011
Sec 0 key A cuid da505f80 nt0 00000000 ks0 79140338 par0 1100
Sec 0 key A cuid da505f80 nt0 00000000 ks0 f8186d3d par0 0100
Sec 0 key A cuid da505f80 nt0 00000000 ks0 259af5b7 par0 0101
Sec 0 key A cuid da505f80 nt0 00000000 ks0 e918d184 par0 0111
Sec 0 key A cuid da505f80 nt0 00000000 ks0 4b88d416 par0 1100
Sec 0 key A cuid da505f80 nt0 00000000 ks0 af36721f par0 0111
Sec 0 key A cuid da505f80 nt0 00000000 ks0 c8031298 par0 0001
Sec 0 key A cuid da505f80 nt0 00000000 ks0 124bfe6b par0 1001
Sec 0 key A cuid da505f80 nt0 00000000 ks0 3422f435 par0 0000
Sec 0 key A cuid da505f80 nt0 00000000 ks0 825a3055 par0 1100
Sec 0 key A cuid da505f80 nt0 00000000 ks0 f060bef2 par0 0000
Sec 0 key A cuid da505f80 nt0 00000000 ks0 5066d431 par0 0100
Sec 0 key A cuid da505f80 nt0 00000000 ks0 f64b7d5f par0 0100
Sec 0 key A cuid da505f80 nt0 00000000 ks0 40905373 par0 1110
Sec 0 key A cuid da505f80 nt0 00000000 ks0 db232571 par0 1011
Sec 0 key A cuid da505f80 nt0 00000000 ks0 e0605158 par0 1100
Sec 0 key A cuid da505f80 nt0 00000000 ks0 fdd9f66d par0 0001
Sec 0 key A cuid da505f80 nt0 00000000 ks0 bc6872b4 par0 1000
Sec 0 key A cuid da505f80 nt0 00000000 ks0 8c8bc446 par0 0010
Sec 0 key A cuid da505f80 nt0 00000000 ks0 7966a3a6 par0 1010
Sec 0 key A cuid da505f80 nt0 00000000 ks0 49c60bd5 par0 1111
Sec 0 key A cuid da505f80 nt0 00000000 ks0 8a7962fa par0 1111
Sec 0 key A cuid da505f80 nt0 00000000 ks0 4ef4c3bf par0 0111
Sec 0 key A cuid da505f80 nt0 00000000 ks0 8076bb4d par0 1111
Sec 0 key A cuid da505f80 nt0 00000000 ks0 4e2d2f51 par0 0000
Sec 0 key A cuid da505f80 nt0 00000000 ks0 15202035 par0 1011
Sec 0 key A cuid da505f80 nt0 00000000 ks0 1852ae18 par0 1100
Sec 0 key A cuid da505f80 nt0 00000000 ks0 4ba12e69 par0 1001
Sec 0 key A cuid da505f80 nt0 00000000 ks0 a1280888 par0 0100
Sec 0 key A cuid da505f80 nt0 00000000 ks0 26ba2984 par0 1010
Sec 0 key A cuid da505f80 nt0 00000000 ks0 b809f2a3 par0 1000
Sec 0 key A cuid da505f80 nt0 00000000 ks0 492b1ea8 par0 1000
Sec 0 key A cuid da505f80 nt0 00000000 ks0 1eb8e33c par0 0000
Sec 0 key A cuid da505f80 nt0 00000000 ks0 db4de049 par0 1101
Sec 0 key A cuid da505f80 nt0 00000000 ks0 b560ae91 par0 1100
Sec 0 key A cuid da505f80 nt0 00000000 ks0 4adf0f45 par0 1101
Sec 0 key A cuid da505f80 nt0 00000000 ks0 af2edff1 par0 0000
Sec 0 key A cuid da505f80 nt0 00000000 ks0 7f439179 par0 1110
Sec 0 key A cuid da505f80 nt0 00000000 ks0 91d42b92 par0 0010
Sec 0 key A cuid da505f80 nt0 00000000 ks0 63800f6e par0 1001
Sec 0 key A cuid da505f80 nt0 00000000 ks0 8bff4d5c par0 1101
Sec 0 key A cuid da505f80 nt0 00000000 ks0 ccdece99 par0 1111
Sec 0 key A cuid da505f80 nt0 00000000 ks0 c8439a47 par0 0111
Sec 0 key A cuid da505f80 nt0 00000000 ks0 8448a403 par0 1100
Sec 0 key A cuid da505f80 nt0 00000000 ks0 796913cc par0 1001
Sec 0 key A cuid da505f80 nt0 00000000 ks0 5d1bca10 par0 1101
Sec 0 key A cuid da505f80 nt0 00000000 ks0 9d869d4c par0 0110
Sec 0 key A cuid da505f80 nt0 00000000 ks0 d4ef29c5 par0 1000
Sec 0 key A cuid da505f80 nt0 00000000 ks0 1b5ea636 par0 1100
Sec 0 key A cuid da505f80 nt0 00000000 ks0 3788de0a par0 0010
Sec 0 key A cuid da505f80 nt0 00000000 ks0 f4d8884d par0 0111
Sec 0 key A cuid da505f80 nt0 00000000 ks0 9e15809d par0 1100
Sec 0 key A cuid da505f80 nt0 00000000 ks0 f4f392d0 par0 0000
Sec 0 key A cuid da505f80 nt0 00000000 ks0 4c536ee7 par0 1111
Sec 0 key A cuid da505f80 nt0 00000000 ks0 ebd3fb32 par0 0101
Sec 0 key A cuid da505f80 nt0 00000000 ks0 58523f65 par0 0001
Sec 0 key A cuid da505f80 nt0 00000000 ks0 268b0cb4 par0 1011
Sec 0 key A cuid da505f80 nt0 00000000 ks0 6f3b3075 par0 0000
Sec 0 key A cuid da505f80 nt0 00000000 ks0 127102e7 par0 1001
Sec 0 key A cuid da505f80 nt0 00000000 ks0 8f108ba2 par0 0011
Sec 0 key A cuid da505f80 nt0 00000000 ks0 c743f062 par0 1001
Sec 0 key A cuid da505f80 nt0 00000000 ks0 ffaedc84 par0 0110
Sec 0 key A cuid da505f80 nt0 00000000 ks0 5f8714e4 par0 1110
Sec 0 key A cuid da505f80 nt0 00000000 ks0 214f2529 par0 1111
Sec 0 key A cuid da505f80 nt0 00000000 ks0 008ce648 par0 0110
Sec 0 key A cuid da505f80 nt0 00000000 ks0 cde82169 par0 1100
Sec 0 key A cuid da505f80 nt0 00000000 ks0 a2b21bef par0 1001
Sec 0 key A cuid da505f80 nt0 00000000 ks0 399bc9a8 par0 0101
Sec 0 key A cuid da505f80 nt0 00000000 ks0 c4e46200 par0 0100
Sec 0 key A cuid da505f80 nt0 00000000 ks0 9a21ca0c par0 0010
Sec 0 key A cuid da505f80 nt0 00000000 ks0 c4c1cde5 par0 0000
Sec 0 key A cuid da505f80 nt0 00000000 ks0 32f1898c par0 0110
Sec 0 key A cuid da505f80 nt0 00000000 ks0 ba57b234 par0 0010
Sec 0 key A cuid da505f80 nt0 00000000 ks0 0b7c6715 par0 0110
Sec 0 key A cuid da505f80 nt0 00000000 ks0 73a926b2 par0 0101
Sec 0 key A cuid da505f80 nt0 00000000 ks0 745cd745 par0 1110
Sec 0 key A cuid da505f80 nt0 00000000 ks0 2b4fb082 par0 0000
Sec 0 key A cuid da505f80 nt0 00000000 ks0 d5f0cb07 par0 1100
Sec 0 key A cuid da505f80 nt0 00000000 ks0 abe0f44a par0 1110
Sec 0 key A cuid da505f80 nt0 00000000 ks0 8a1bac1a par0 1101
Sec 0 key A cuid da505f80 nt0 00000000 ks0 b6950f77 par0 1100
Sec 0 key A cuid da505f80 nt0 00000000 ks0 e8263e53 par0 1100
Sec 0 key A cuid da505f80 nt0 00000000 ks0 fb40e04e par0 1011
Sec 0 key A cuid da505f80 nt0 00000000 ks0 e7ce1a59 par0 1101
Sec 0 key A cuid da505f80 nt0 00000000 ks0 e57d2643 par0 0000
Sec 0 key A cuid da505f80 nt0 00000000 ks0 a983ddbd par0 1000
Sec 0 key A cuid da505f80 nt0 00000000 ks0 4e2e3e21 par0 0010
Sec 0 key A cuid da505f80 nt0 00000000 ks0 d9eba6d0 par0 1110
Sec 0 key A cuid da505f80 nt0 00000000 ks0 7740b123 par0 1110
Sec 0 key A cuid da505f80 nt0 00000000 ks0 4e2ebf3c par0 0011
Sec 0 key A cuid da505f80 nt0 00000000 ks0 a90bb68d par0 1010
Sec 0 key A cuid da505f80 nt0 00000000 ks0 c7264e3d par0 1001
Sec 0 key A cuid da505f80 nt0 00000000 ks0 3053c424 par0 0001
Sec 0 key A cuid da505f80 nt0 00000000 ks0 24a5d71e par0 1101
Sec 0 key A cuid da505f80 nt0 00000000 ks0 f87cadcc par0 0111
Sec 0 key A cuid da505f80 nt0 00000000 ks0 66543eb5 par0 0001
Sec 0 key A cuid da505f80 nt0 00000000 ks0 e29f2d60 par0 0000
Sec 0 key A cuid da505f80 nt0 00000000 ks0 e723f7a3 par0 1101
Sec 0 key A cuid da505f80 nt0 00000000 ks0 a67ac3bb par0 0001
Sec 0 key A cuid da505f80 nt0 00000000 ks0 8fd6443b par0 0011
Sec 0 key A cuid da505f80 nt0 00000000 ks0 523c798e par0 0101
Sec 0 key A cuid da505f80 nt0 00000000 ks0 8a4712e6 par0 1100
Sec 0 key A cuid da505f80 nt0 00000000 ks0 477e32bf par0 0111
Sec 0 key A cuid da505f80 nt0 00000000 ks0 1c5c3c02 par0 1001
Sec 0 key A cuid da505f80 nt0 00000000 ks0 c65e0585 par0 0111
Sec 0 key A cuid da505f80 nt0 00000000 ks0 6df570b9 par0 0010
Sec 0 key A cuid da505f80 nt0 00000000 ks0 b7735e34 par0 1000
Sec 0 key A cuid da505f80 nt0 00000000 ks0 2499734b par0 1010
Sec 0 key A cuid da505f80 nt0 00000000 ks0 21e46c8a par0 1011
Sec 0 key A cuid da505f80 nt0 00000000 ks0 6f1786bc par0 0101
Sec 0 key A cuid da505f80 nt0 00000000 ks0 07052418 par0 1011
Sec 0 key A cuid da505f80 nt0 00000000 ks0 fcef16fc par0 0101
Sec 0 key A cuid da505f80 nt0 00000000 ks0 febd4143 par0 0111
Sec 0 key A cuid da505f80 nt0 00000000 ks0 e53a0068 par0 0101
Sec 0 key A cuid da505f80 nt0 00000000 ks0 591df90b par0 0101
Sec 0 key A cuid da505f80 nt0 00000000 ks0 4650fe37 par0 0011
Sec 0 key A cuid da505f80 nt0 00000000 ks0 7e8f2f03 par0 1111
Sec 0 key A cuid da505f80 nt0 00000000 ks0 78be7f5c par0 0111
Sec 0 key A cuid da505f80 nt0 00000000 ks0 3da16590 par0 0101
Sec 0 key A cuid da505f80 nt0 00000000 ks0 3ab945b8 par0 1001
Sec 0 key A cuid da505f80 nt0 00000000 ks0 d6da7737 par0 1111
Sec 0 key A cuid da505f80 nt0 00000000 ks0 935ea5ce par0 0011
Sec 0 key A cuid da505f80 nt0 00000000 ks0 979aded9 par0 1001
Sec 0 key A cuid da505f80 nt0 00000000 ks0 25fb719c par0 0100
Sec 0 key A cuid da505f80 nt0 00000000 ks0 6c7a5cf6 par0 0010
Sec 0 key A cuid da505f80 nt0 00000000 ks0 2388531b par0 0001
Sec 0 key A cuid da505f80 nt0 00000000 ks0 b8c6e926 par0 1111
Sec 0 key A cuid da505f80 nt0 00000000 ks0 cbd74386 par0 0001
Sec 0 key A cuid da505f80 nt0 00000000 ks0 4a7805df par0 1001
Sec 0 key A cuid da505f80 nt0 00000000 ks0 be2ff894 par0 1110
Sec 0 key A cuid da505f80 nt0 00000000 ks0 32cfae3d par0 0000
Sec 0 key A cuid da505f80 nt0 00000000 ks0 b8125b67 par0 1000
Sec 0 key A cuid da505f80 nt0 00000000 ks0 2a476e55 par0 0011
Sec 0 key A cuid da505f80 nt0 00000000 ks0 497fdaa3 par0 1111
Sec 0 key A cuid da505f80 nt0 00000000 ks0 4212a5ab par0 1101
Sec 0 key A cuid da505f80 nt0 00000000 ks0 08e4f532 par0 0101
Sec 0 key A cuid da505f80 nt0 00000000 ks0 85050b8d par0 0110
Sec 0 key A cuid da505f80 nt0 00000000 ks0 8a7667ed par0 1110
Sec 0 key A cuid da505f80 nt0 00000000 ks0 af9869d0 par0 0100
Sec 0 key A cuid da505f80 nt0 00000000 ks0 e31d5d28 par0 1010
Sec 0 key A cuid da505f80 nt0 00000000 ks0 26fa0530 par0 1110
Sec 0 key A cuid da505f80 nt0 00000000 ks0 76322dd8 par0 1100
Sec 0 key A cuid da505f80 nt0 00000000 ks0 9409bafc par0 0110
Sec 0 key A cuid da505f80 nt0 00000000 ks0 f9075832 par0 1011
Sec 0 key A cuid da505f80 nt0 00000000 ks0 8cf3bb1e par0 0000
Sec 0 key A cuid da505f80 nt0 00000000 ks0 c4cfdcc0 par0 0001
Sec 0 key A cuid da505f80 nt0 00000000 ks0 bd3a7926 par0 1111
Sec 0 key A cuid da505f80 nt0 00000000 ks0 702721a2 par0 1011
Sec 0 key A cuid da505f80 nt0 00000000 ks0 1c336143 par0 1011
Sec 0 key A cuid da505f80 nt0 00000000 ks0 160e67ff par0 0110
Sec 0 key A cuid da505f80 nt0 00000000 ks0 4c764c0d par0 1100
Sec 0 key A cuid da505f80 nt0 00000000 ks0 479b00a5 par0 0001
Sec 0 key A cuid da505f80 nt0 00000000 ks0 09b69483 par0 0110
Sec 0 key A cuid da505f80 nt0 00000000 ks0 205bc7b4 par0 1101
Sec 0 key A cuid da505f80 nt0 00000000 ks0 1b9704bd par0 1000
Sec 0 key A cuid da505f80 nt0 00000000 ks0 7e76ab8c par0 1001
Sec 0 key A cuid da505f80 nt0 00000000 ks0 b3452436 par0 1011
Sec 0 key A cuid da505f80 nt0 00000000 ks0 7a4c01c3 par0 0000
Sec 0 key A cuid da505f80 nt0 00000000 ks0 f915dc02 par0 1110
Sec 0 key A cuid da505f80 nt0 00000000 ks0 2c90a4ed par0 1101
Sec 0 key A cuid da505f80 nt0 00000000 ks0 e0fa1077 par0 1000
Sec 0 key A cuid da505f80 nt0 00000000 ks0 935b8445 par0 0111
Sec 0 key A cuid da505f80 nt0 00000000 ks0 6fcfa47f par0 0010
Sec 0 key A cuid da505f80 nt0 00000000 ks0 9a41fe08 par0 0001
Sec 0 key A cuid da505f80 nt0 00000000 ks0 f944b40c par0 1110
Sec 0 key A cuid da505f80 nt0 00000000 ks0 fc7fe70c par0 0100
Sec 0 key A cuid da505f80 nt0 00000000 ks0 415ca43f par0 1111
Sec 0 key A cuid da505f80 nt0 00000000 ks0 78f2aa70 par0 0011
Sec 0 key A cuid da505f80 nt0 00000000 ks0 c5a3e2a4 par0 1101
Sec 0 key A cuid da505f80 nt0 00000000 ks0 7a2efbab par0 0110
Sec 0 key A cuid da505f80 nt0 00000000 ks0 dae91540 par0 1010
Sec 0 key A cuid da505f80 nt0 00000000 ks0 658e2647 par0 1110
Sec 0 key A cuid da505f80 nt0 00000000 ks0 f0331e10 par0 0001
Sec 0 key A cuid da505f80 nt0 00000000 ks0 ad548263 par0 1000
Sec 0 key A cuid da505f80 nt0 00000000 ks0 5ebfa360 par0 1110
Sec 0 key A cuid da505f80 nt0 00000000 ks0 53757915 par0 0000
Sec 0 key A cuid da505f80 nt0 00000000 ks0 25bdcdd3 par0 0001
Sec 0 key A cuid da505f80 nt0 00000000 ks0 e6e39b09 par0 1101
Sec 0 key A cuid da505f80 nt0 00000000 ks0 d3e9d1d4 par0 1111
Sec 0 key A cuid da505f80 nt0 00000000 ks0 f348f9ae par0 0111
Sec 0 key A cuid da505f80 nt0 00000000 ks0 1db027b0 par0 0000
Sec 0 key A cuid da505f80 nt0 00000000 ks0 f6a867cd par0 0101
Sec 0 key A cuid da505f80 nt0 00000000 ks0 b247a2f8 par0 0110
Sec 0 key A cuid da505f80 nt0 00000000 ks0 142c4a55 par0 1010
Sec 0 key A cuid da505f80 nt0 00000000 ks0 5cf1c732 par0 0101
Sec 0 key A cuid da505f80 nt0 00000000 ks0 826c8498 par0 1001
Sec 0 key A cuid da505f80 nt0 00000000 ks0 44603ee8 par0 1100
Sec 0 key A cuid da505f80 nt0 00000000 ks0 d43d14fb par0 1001
Sec 0 key A cuid da505f80 nt0 00000000 ks0 e9245b87 par0 0100
Sec 0 key A cuid da505f80 nt0 00000000 ks0 6a3c1027 par0 1111
Sec 0 key A cuid da505f80 nt0 00000000 ks0 abd0e301 par0 1100
Sec 0 key A cuid da505f80 nt0 00000000 ks0 4fe7a48a par0 0101
Sec 0 key A cuid da505f80 nt0 00000000 ks0 a0afb93f par0 0101
Sec 0 key A cuid da505f80 nt0 00000000 ks0 408a26a0 par0 1010
Sec 0 key A cuid da505f80 nt0 00000000 ks0 2180caf4 par0 1001
Sec 0 key A cuid da505f80 nt0 00000000 ks0 f8348f11 par0 0010
Sec 0 key A cuid da505f80 nt0 00000000 ks0 5d02f1e8 par0 1001
Sec 0 key A cuid da505f80 nt0 00000000 ks0 73f37733 par0 0000
Sec 0 key A cuid da505f80 nt0 00000000 ks0 d794a371 par0 0101
Sec 0 key A cuid da505f80 nt0 00000000 ks0 43d36df2 par0 1010
Sec 0 key A cuid da505f80 nt0 00000000 ks0 91f8d344 par0 0110
Sec 0 key A cuid da505f80 nt0 00000000 ks0 56f90b7d par0 1110
Sec 0 key A cuid da505f80 nt0 00000000 ks0 a0329fe0 par0 0000
Sec 0 key A cuid da505f80 nt0 00000000 ks0 ca86c6d4 par0 0101
Sec 0 key A cuid da505f80 nt0 00000000 ks0 0fa48a36 par0 1110
Sec 0 key A cuid da505f80 nt0 00000000 ks0 5abd30f5 par0 0101
Sec 0 key A cuid da505f80 nt0 00000000 ks0 dac79b1f par0 1111
Sec 0 key A cuid da505f80 nt0 00000000 ks0 d49a095d par0 1111
Sec 0 key A cuid da505f80 nt0 00000000 ks0 c19c47ac par0 0100
Sec 0 key A cuid da505f80 nt0 00000000 ks0 9a80df8f par0 0001
Sec 0 key A cuid da505f80 nt0 00000000 ks0 29849caa par0 1111
Sec 0 key A cuid da505f80 nt0 00000000 ks0 61fd1fb3 par0 0111
Sec 0 key A cuid da505f80 nt0 00000000 ks0 d8fb3229 par0 1111
Sec 0 key A cuid da505f80 nt0 00000000 ks0 9b033eae par0 0110
Sec 0 key A cuid da505f80 nt0 00000000 ks0 50784276 par0 0000
Sec 0 key A cuid da505f80 nt0 00000000 ks0 419e41a2 par0 1101
Sec 0 key A cuid da505f80 nt0 00000000 ks0 ce320913 par0 1101
Sec 0 key A cuid da505f80 nt0 00000000 ks0 092341d6 par0 0100
Sec 0 key A cuid da505f80 nt0 00000000 ks0 23534f12 par0 0001
Sec 0 key A cuid da505f80 nt0 00000000 ks0 41e7483a par0 1110
Sec 0 key A cuid da505f80 nt0 00000000 ks0 413994ad par0 1100
Sec 0 key A cuid da505f80 nt0 00000000 ks0 74091875 par0 1100
Sec 0 key A cuid da505f80 nt0 00000000 ks0 9a996738 par0 0111
Sec 0 key A cuid da505f80 nt0 00000000 ks0 a5dd4c36 par0 1100
Sec 0 key A cuid da505f80 nt0 00000000 ks0 63afca76 par0 1011
Sec 0 key A cuid da505f80 nt0 00000000 ks0 98bad640 par0 0001
Sec 0 key A cuid da505f80 nt0 00000000 ks0 c04255c6 par0 0011
Sec 0 key A cuid da505f80 nt0 00000000 ks0 5057ade6 par0 0110
Sec 0 key A cuid da505f80 nt0 00000000 ks0 a8090f93 par0 0001
Sec 0 key A cuid da505f80 nt0 00000000 ks0 b8f64355 par0 1010
Sec 0 key A cuid da505f80 nt0 00000000 ks0 bbc52e72 par0 0100
Sec 0 key A cuid da505f80 nt0 00000000 ks0 68b52653 par0 1111
Sec 0 key A cuid da505f80 nt0 00000000 ks0 52f4b457 par0 0100
Sec 0 key A cuid da505f80 nt0 00000000 ks0 9950c704 par0 0010
Sec 0 key A cuid da505f80 nt0 00000000 ks0 ff4dc6e2 par0 0101
Sec 0 key A cuid da505f80 nt0 00000000 ks0 1038ec22 par0 1100
Sec 0 key A cuid da505f80 nt0 00000000 ks0 6bb46cb2 par0 1010
Sec 0 key A cuid da505f80 nt0 00000000 ks0 2b669209 par0 0000
Sec 0 key A cuid da505f80 nt0 00000000 ks0 8466c750 par0 1110
Sec 0 key A cuid da505f80 nt0 00000000 ks0 3cde22c4 par0 0110
Sec 0 key A cuid da505f80 nt0 00000000 ks0 bec116fa par0 1100
Sec 0 key A cuid da505f80 nt0 00000000 ks0 d68d7395 par0 1100
Sec 0 key A cuid da505f80 nt0 00000000 ks0 10af3ee7 par0 1001
Sec 0 key A cuid da505f80 nt0 00000000 ks0 41f9acb1 par0 1111
Sec 0 key A cuid da505f80 nt0 00000000 ks0 9864cf1d par0 0101
Sec 0 key A cuid da505f80 nt0 00000000 ks0 b8983a8f par0 1000
Sec 0 key A cuid da505f80 nt0 00000000 ks0 b87cff9b par0 1100
Sec 0 key A cuid da505f80 nt0 00000000 ks0 d4af9582 par0 1110
Sec 0 key A cuid da505f80 nt0 00000000 ks0 4f3cfb18 par0 0001
Sec 0 key A cuid da505f80 nt0 00000000 ks0 b3c0c6ef par0 1000
Sec 0 key A cuid da505f80 nt0 00000000 ks0 91bb5df0 par0 0110
Sec 0 key A cuid da505f80 nt0 00000000 ks0 a77a4cb6 par0 0010
Sec 0 key A cuid da505f80 nt0 00000000 ks0 efc29fee par0 1011
Sec 0 key A cuid da505f80 nt0 00000000 ks0 b7b8f760 par0 1001
Sec 0 key A cuid da505f80 nt0 00000000 ks0 007a2400 par0 0111
Sec 0 key A cuid da505f80 nt0 00000000 ks0 50841604 par0 0100
Sec 0 key A cuid da505f80 nt0 00000000 ks0 e40f000a par0 1010
Sec 0 key A cuid da505f80 nt0 00000000 ks0 70bf9be3 par0 1110
Sec 0 key A cuid da505f80 nt0 00000000 ks0 84009ba1 par0 1001
Sec 0 key A cuid da505f80 nt0 00000000 ks0 3e1e8c30 par0 0000
Sec 0 key A cuid da505f80 nt0 00000000 ks0 ee4c94a4 par0 1100
Sec 0 key A cuid da505f80 nt0 00000000 ks0 1427bf7a par0 1001
Sec 0 key A cuid da505f80 nt0 00000000 ks0 0849390b par0 0010
Sec 0 key A cuid da505f80 nt0 00000000 ks0 dbb4cbcb par0 1010
Sec 0 key A cuid da505f80 nt0 00000000 ks0 4c95db5e par0 1110
Sec 0 key A cuid da505f80 nt0 00000000 ks0 ba1db4e8 par0 0110
Sec 0 key A cuid da505f80 nt0 00000000 ks0 d624ccf0 par0 1110
Sec 0 key A cuid da505f80 nt0 00000000 ks0 4ba97ec4 par0 1111
Sec 0 key A cuid da505f80 nt0 00000000 ks0 3a68710f par0 1101
Sec 0 key A cuid da505f80 nt0 00000000 ks0 54e4e2f2 par0 0101
Sec 0 key A cuid da505f80 nt0 00000000 ks0 ee937194 par0 1110
Sec 0 key A cuid da505f80 nt0 00000000 ks0 516c7f17 par0 0110
Sec 0 key A cuid da505f80 nt0 00000000 ks0 45ec3308 par0 0111
Sec 0 key A cuid da505f80 nt0 00000000 ks0 022f88af par0 0110
Sec 0 key A cuid da505f80 nt0 00000000 ks0 f48e120b par0 0101
Sec 0 key A cuid da505f80 nt0 00000000 ks0 e4a4a4dd par0 1010
Sec 0 key A cuid da505f80 nt0 00000000 ks0 66552ba8 par0 0111
Sec 0 key A cuid da505f80 nt0 00000000 ks0 f379dad0 par0 0010
Sec 0 key A cuid da505f80 nt0 00000000 ks0 ef8d05c1 par0 1010
Sec 0 key A cuid da505f80 nt0 00000000 ks0 fc90d72a par0 0011
Sec 0 key A cuid da505f80 nt0 00000000 ks0 09c51a39 par0 0010
Sec 0 key A cuid da505f80 nt0 00000000 ks0 7a44aa11 par0 0100
Sec 0 key A cuid da505f80 nt0 00000000 ks0 d19f8912 par0 1101
Sec 0 key A cuid da505f80 nt0 00000000 ks0 75452e85 par0 1010
Sec 0 key A cuid da505f80 nt0 00000000 ks0 eafc259b par0 0111
Sec 0 key A cuid da505f80 nt0 00000000 ks0 94346410 par0 0001
Sec 0 key A cuid da505f80 nt0 00000000 ks0 d1b44212 par0 1111
Sec 0 key A cuid da505f80 nt0 00000000 ks0 898edd1c par0 1010
Sec 0 key A cuid da505f80 nt0 00000000 ks0 3d3a22df par0 0100
Sec 0 key A cuid da505f80 nt0 00000000 ks0 e30bdb6e par0 1010
Sec 0 key A cuid da505f80 nt0 00000000 ks0 06379d40 par0 1010
Sec 0 key A cuid da505f80 nt0 00000000 ks0 17b3459f par0 1000
Sec 0 key A cuid da505f80 nt0 00000000 ks0 7dd2dcb1 par0 1110
Sec 0 key A cuid da505f80 nt0 00000000 ks0 344d218f par0 0001
Sec 0 key A cuid da505f80 nt0 00000000 ks0 60fe9a46 par0 0000
Sec 0 key A cuid da505f80 nt0 00000000 ks0 234f66a6 par0 0001
Sec 0 key A cuid da505f80 nt0 00000000 ks0 764ab530 par0 1100
Sec 0 key A cuid da505f80 nt0 00000000 ks0 e294ee7a par0 0001
Sec 0 key A cuid da505f80 nt0 00000000 ks0 a62d701a par0 0011
Sec 0 key A cuid da505f80 nt0 00000000 ks0 65b3ebaa par0 1000
Sec 0 key A cuid da505f80 nt0 00000000 ks0 a9176428 par0 1011
Sec 0 key A cuid da505f80 nt0 00000000 ks0 553392ea par0 0110
Sec 0 key A cuid da505f80 nt0 00000000 ks0 13c8e5b8 par0 1000
Sec 0 key A cuid da505f80 nt0 00000000 ks0 6efe19a5 par0 0000
Sec 0 key A cuid da505f80 nt0 00000000 ks0 e7993dbb par0 1001
Sec 0 key A cuid da505f80 nt0 00000000 ks0 4b9cb8f9 par0 1011
Sec 0 key A cuid da505f80 nt0 00000000 ks0 692ae77c par0 0101
Sec 0 key A cuid da505f80 nt0 00000000 ks0 6a38d25a par0 1111
Sec 0 key A cuid da505f80 nt0 00000000 ks0 45158b6f par0 0101
Sec 0 key A cuid da505f80 nt0 00000000 ks0 d89bc280 par0 1010
Sec 0 key A cuid da505f80 nt0 00000000 ks0 57bc86ae par0 0011
Sec 0 key A cuid da505f80 nt0 00000000 ks0 3aef4827 par0 1011
Sec 0 key A cuid da505f80 nt0 00000000 ks0 a5c9401b par0 1000
Sec 0 key A cuid da505f80 nt0 00000000 ks0 4791e2ae par0 0101
Sec 0 key A cuid da505f80 nt0 00000000 ks0 11925484 par0 1010
Sec 0 key A cuid da505f80 nt0 00000000 ks0 51bef4fb par0 0010
Sec 0 key A cuid da505f80 nt0 00000000 ks0 c3d7da8d par0 0101
Sec 0 key A cuid da505f80 nt0 00000000 ks0 8f5f40e9 par0 0101
Sec 0 key A cuid da505f80 nt0 00000000 ks0 bc1108e2 par0 1100
Sec 0 key A cuid da505f80 nt0 00000000 ks0 dcb9defb par0 0111
Sec 0 key A cuid da505f80 nt0 00000000 ks0 5cf6259e par0 0000
Sec 0 key A cuid da505f80 nt0 00000000 ks0 40300726 par0 1110
Sec 0 key A cuid da505f80 nt0 00000000 ks0 4f150e9a par0 0010
Sec 0 key A cuid da505f80 nt0 00000000 ks0 9b9c761a par0 0010
Sec 0 key A cuid da505f80 nt0 00000000 ks0 56aade10 par0 1111
Sec 0 key A cuid da505f80 nt0 00000000 ks0 75f15a05 par0 1101
Sec 0 key A cuid da505f80 nt0 00000000 ks0 44b66933 par0 1111
Sec 0 key A cuid da505f80 nt0 00000000 ks0 2850d83b par0 0001
Sec 0 key A cuid da505f80 nt0 00000000 ks0 d6f2d694 par0 1000
Sec 0 key A cuid da505f80 nt0 00000000 ks0 cc059e75 par0 1100
Sec 0 key A cuid da505f80 nt0 00000000 ks0 86c3b9b4 par0 1111
Sec 0 key A cuid da505f80 nt0 00000000 ks0 d8ca6f18 par0 1011
Sec 0 key A cuid da505f80 nt0 00000000 ks0 5e46fef8 par0 1010
Sec 0 key A cuid da505f80 nt0 00000000 ks0 1427f575 par0 1001
Sec 0 key A cuid da505f80 nt0 00000000 ks0 cd9fe863 par0 1000
Sec 0 key A cuid da505f80 nt0 00000000 ks0 6768a817 par0 1101
Sec 0 key A cuid da505f80 nt0 00000000 ks0 1c88b3d3 par0 1111
Sec 0 key A cuid da505f80 nt0 00000000 ks0 d17c438f par0 1001
Sec 0 key A cuid da505f80 nt0 00000000 ks0 65eb8546 par0 1110
Sec 0 key A cuid da505f80 nt0 00000000 ks0 37da799c par0 0100
Sec 0 key A cuid da505f80 nt0 00000000 ks0 751cccda par0 1010
Sec 0 key A cuid da505f80 nt0 00000000 ks0 b8d19f11 par0 1010
Sec 0 key A cuid da505f80 nt0 00000000 ks0 0fa5daf4 par0 1111
Sec 0 key A cuid da505f80 nt0 00000000 ks0 a208769b par0 1000
Sec 0 key A cuid da505f80 nt0 00000000 ks0 445db292 par0 1000
Sec 0 key A cuid da505f80 nt0 00000000 ks0 4fab63a8 par0 0100
Sec 0 key A cuid da505f80 nt0 00000000 ks0 eabcd8c7 par0 0011
Sec 0 key A cuid da505f80 nt0 00000000 ks0 debd8b99 par0 0100
Sec 0 key A cuid da505f80 nt0 00000000 ks0 4dfc861b par0 0110
Sec 0 key A cuid da505f80 nt0 00000000 ks0 6dd84227 par0 0001
Sec 0 key A cuid da505f80 nt0 00000000 ks0 53ed7ad9 par0 0100
Sec 0 key A cuid da505f80 nt0 00000000 ks0 4fc91210 par0 0110
Sec 0 key A cuid da505f80 nt0 00000000 ks0 f18f2b98 par0 0001
Sec 0 key A cuid da505f80 nt0 00000000 ks0 2dd3a7bc par0 1100
Sec 0 key A cuid da505f80 nt0 00000000 ks0 5f035534 par0 1111
Sec 0 key A cuid da505f80 nt0 00000000 ks0 ead97d74 par0 0001
Sec 0 key A cuid da505f80 nt0 00000000 ks0 4e939c20 par0 0111
Sec 0 key A cuid da505f80 nt0 00000000 ks0 70553e83 par0 1100
Sec 0 key A cuid da505f80 nt0 00000000 ks0 3f9f827f par0 0101
Sec 0 key A cuid da505f80 nt0 00000000 ks0 8b9c72db par0 1000
Sec 0 key A cuid da505f80 nt0 00000000 ks0 9e36bf9f par0 1010
Sec 0 key A cuid da505f80 nt0 00000000 ks0 38f4c254 par0 1010
Sec 0 key A cuid da505f80 nt0 00000000 ks0 e79c947a par0 1011
Sec 0 key A cuid da505f80 nt0 00000000 ks0 60928756 par0 0111
Sec 0 key A cuid da505f80 nt0 00000000 ks0 b523fc56 par0 1010
Sec 0 key A cuid da505f80 nt0 00000000 ks0 fb2e2bcd par0 1111
Sec 0 key A cuid da505f80 nt0 00000000 ks0 f0a310f5 par0 0111
Sec 0 key A cuid da505f80 nt0 00000000 ks0 a945eb94 par0 1111
Sec 0 key A cuid da505f80 nt0 00000000 ks0 60337667 par0 0111
Sec 0 key A cuid da505f80 nt0 00000000 ks0 0a9aa028 par0 0110
Sec 0 key A cuid da505f80 nt0 00000000 ks0 264ca731 par0 1111
Sec 0 key A cuid da505f80 nt0 00000000 ks0 44589a94 par0 1011
Sec 0 key A cuid da505f80 nt0 00000000 ks0 b6106cd8 par0 1101
Sec 0 key A cuid da505f80 nt0 00000000 ks0 548eae57 par0 0010
Sec 0 key A cuid da505f80 nt0 00000000 ks0 1074d5ed par0 1001
Sec 0 key A cuid da505f80 nt0 00000000 ks0 72148718 par0 1010
Sec 0 key A cuid da505f80 nt0 00000000 ks0 b863fbda par0 1101
Sec 0 key A cuid da505f80 nt0 00000000 ks0 9bdd9a3b par0 0111
Sec 0 key A cuid da505f80 nt0 00000000 ks0 3ca53e7d par0 0000
Sec 0 key A cuid da505f80 nt0 00000000 ks0 50a2cba7 par0 0101
Sec 0 key A cuid da505f80 nt0 00000000 ks0 ad1562d6 par0 1100
Sec 0 key A cuid da505f80 nt0 00000000 ks0 ef926b3c par0 1100
Sec 0 key A cuid da505f80 nt0 00000000 ks0 5d107b8d par0 1100
Sec 0 key A cuid da505f80 nt0 00000000 ks0 78712793 par0 0011
Sec 0 key A cuid da505f80 nt0 00000000 ks0 fd6f7f8e par0 0001
Sec 0 key A cuid da505f80 nt0 00000000 ks0 2ece99ae par0 1111
Sec 0 key A cuid da505f80 nt0 00000000 ks0 05ab43b0 par0 1000
Sec 0 key A cuid da505f80 nt0 00000000 ks0 18f1fea8 par0 1100
Sec 0 key A cuid da505f80 nt0 00000000 ks0 d28fedce par0 1111
Sec 0 key A cuid da505f80 nt0 00000000 ks0 f3bec04b par0 0110
Sec 0 key A cuid da505f80 nt0 00000000 ks0 349ef33c par0 0010
Sec 0 key A cuid da505f80 nt0 00000000 ks0 535d6960 par0 0110
Sec 0 key A cuid da505f80 nt0 00000000 ks0 8b2a441d par0 1000
Sec 0 key A cuid da505f80 nt0 00000000 ks0 35c134d0 par0 0101
Sec 0 key A cuid da505f80 nt0 00000000 ks0 0a393c5e par0 0000
Sec 0 key A cuid da505f80 nt0 00000000 ks0 01d2ff63 par0 0011
Sec 0 key A cuid da505f80 nt0 00000000 ks0 db190bb2 par0 1111
Sec 0 key A cuid da505f80 nt0 00000000 ks0 3053295b par0 0000
Sec 0 key A cuid da505f80 nt0 00000000 ks0 f0ee6e5d par0 0000
Sec 0 key A cuid da505f80 nt0 00000000 ks0 692d7824 par0 0110
Sec 0 key A cuid da505f80 nt0 00000000 ks0 ee8c11c5 par0 1110
Sec 0 key A cuid da505f80 nt0 00000000 ks0 91d93b02 par0 0001
Sec 0 key A cuid da505f80 nt0 00000000 ks0 a14a3cc4 par0 0001
Sec 0 key A cuid da505f80 nt0 00000000 ks0 d287a1a4 par0 1100
Sec 0 key A cuid da505f80 nt0 00000000 ks0 e0708f37 par0 1001
Sec 0 key A cuid da505f80 nt0 00000000 ks0 3065c285 par0 0010
Sec 0 key A cuid da505f80 nt0 00000000 ks0 581725f8 par0 0110
Sec 0 key A cuid da505f80 nt0 00000000 ks0 85bd9886 par0 0110
Sec 0 key A cuid da505f80 nt0 00000000 ks0 3fdf0e64 par0 0001
Sec 0 key A cuid da505f80 nt0 00000000 ks0 07d92a9e par0 1001
Sec 0 key A cuid da505f80 nt0 00000000 ks0 ce0bebd7 par0 1001
Sec 0 key A cuid da505f80 nt0 00000000 ks0 0f89b21f par0 1100
Sec 0 key A cuid da505f80 nt0 00000000 ks0 c326e891 par0 0011
Sec 0 key A cuid da505f80 nt0 00000000 ks0 d4c5e66a par0 1001
Sec 0 key A cuid da505f80 nt0 00000000 ks0 e0f7119e par0 1001
Sec 0 key A cuid da505f80 nt0 00000000 ks0 c5ed9eec par0 1111
Sec 0 key A cuid da505f80 nt0 00000000 ks0 c0a5b03d par0 0111
Sec 0 key A cuid da505f80 nt0 00000000 ks0 694abbe3 par0 0101
Sec 0 key A cuid da505f80 nt0 00000000 ks0 e76aee07 par0 1000
Sec 0 key A cuid da505f80 nt0 00000000 ks0 5dd363d5 par0 1011
Sec 0 key A cuid da505f80 nt0 00000000 ks0 b18761bf par0 1001
Sec 0 key A cuid da505f80 nt0 00000000 ks0 ec22fa0f par0 1111
Sec 0 key A cuid da505f80 nt0 00000000 ks0 8714a9d6 par0 0000
Sec 0 key A cuid da505f80 nt0 00000000 ks0 24c63470 par0 1000
Sec 0 key A cuid da505f80 nt0 00000000 ks0 282c5f9d par0 0010
Sec 0 key A cuid da505f80 nt0 00000000 ks0 895ba28a par0 1000
Sec 0 key A cuid da505f80 nt0 00000000 ks0 922e0a91 par0 0111
Sec 0 key A cuid da505f80 nt0 00000000 ks0 45aca233 par0 0000
Sec 0 key A cuid da505f80 nt0 00000000 ks0 9543d180 par0 0110
Sec 0 key A cuid da505f80 nt0 00000000 ks0 95a12f0a par0 0011
Sec 0 key A cuid da505f80 nt0 00000000 ks0 e37ec3a0 par0 1111
Sec 0 key A cuid da505f80 nt0 00000000 ks0 2c295a46 par0 1011
Sec 0 key A cuid da505f80 nt0 00000000 ks0 5b0a1ad1 par0 0101
Sec 0 key A cuid da505f80 nt0 00000000 ks0 7c7b7a41 par0 1101
Sec 0 key A cuid da505f80 nt0 00000000 ks0 d71968ae par0 0001
Sec 0 key A cuid da505f80 nt0 00000000 ks0 97a9f607 par0 1010
Sec 0 key A cuid da505f80 nt0 00000000 ks0 cf4a70e6 par0 1010
Sec 0 key A cuid da505f80 nt0 00000000 ks0 d4ecbac2 par0 1100
Sec 0 key A cuid da505f80 nt0 00000000 ks0 bcd40e38 par0 1001
Sec 0 key A cuid da505f80 nt0 00000000 ks0 667c6176 par0 0010
Sec 0 key A cuid da505f80 nt0 00000000 ks0 a3e41962 par0 0101
Sec 0 key A cuid da505f80 nt0 00000000 ks0 fb1a5c13 par0 1110
Sec 0 key A cuid da505f80 nt0 00000000 ks0 e404970e par0 1010
Sec 0 key A cuid da505f80 nt0 00000000 ks0 83e30511 par0 1010
Sec 0 key A cuid da505f80 nt0 00000000 ks0 cfd943a7 par0 1000
Sec 0 key A cuid da505f80 nt0 00000000 ks0 3cdf5fe9 par0 0000
Sec 0 key A cuid da505f80 nt0 00000000 ks0 65e75865 par0 1101
Sec 0 key A cuid da505f80 nt0 00000000 ks0 5fe451a1 par0 1110
Sec 0 key A cuid da505f80 nt0 00000000 ks0 c77229a6 par0 1100
Sec 0 key A cuid da505f80 nt0 00000000 ks0 4ab2485f par0 1001
Sec 0 key A cuid da505f80 nt0 00000000 ks0 05e1ac75 par0 1101
Sec 0 key A cuid da505f80 nt0 00000000 ks0 6f48c31d par0 0110
Sec 0 key A cuid da505f80 nt0 00000000 ks0 e493c60c par0 1111
Sec 0 key A cuid da505f80 nt0 00000000 ks0 af0d5a1a par0 0011
Sec 0 key A cuid da505f80 nt0 00000000 ks0 4e6e08dc par0 0100
Sec 0 key A cuid da505f80 nt0 00000000 ks0 8e98360a par0 0001
Sec 0 key A cuid da505f80 nt0 00000000 ks0 6309abbe par0 1000
Sec 0 key A cuid da505f80 nt0 00000000 ks0 7f897c3e par0 1110
Sec 0 key A cuid da505f80 nt0 00000000 ks0 17c0c55a par0 1001
Sec 0 key A cuid da505f80 nt0 00000000 ks0 5b4dc322 par0 0110
Sec 0 key A cuid da505f80 nt0 00000000 ks0 f9e26d9d par0 1101
Sec 0 key A cuid da505f80 nt0 00000000 ks0 bda02201 par0 1001
Sec 0 key A cuid da505f80 nt0 00000000 ks0 3b0451d8 par0 1001
Sec 0 key A cuid da505f80 nt0 00000000 ks0 805c58f3 par0 1111
Sec 0 key A cuid da505f80 nt0 00000000 ks0 1abd5190 par0 1101
Sec 0 key A cuid da505f80 nt0 00000000 ks0 f17697ed par0 0000
Sec 0 key A cuid da505f80 nt0 00000000 ks0 9890a726 par0 0110
Sec 0 key A cuid da505f80 nt0 00000000 ks0 763baf24 par0 1010
Sec 0 key A cuid da505f80 nt0 00000000 ks0 dc3fb639 par0 0000
Sec 0 key A cuid da505f80 nt0 00000000 ks0 0327a584 par0 0001
Sec 0 key A cuid da505f80 nt0 00000000 ks0 9e2f509d par0 1111
Sec 0 key A cuid da505f80 nt0 00000000 ks0 23b507bf par0 0011
Sec 0 key A cuid da505f80 nt0 00000000 ks0 9db943f3 par0 0011
Sec 0 key A cuid da505f80 nt0 00000000 ks0 49ed0ac6 par0 1111
Sec 0 key A cuid da505f80 nt0 00000000 ks0 7a07dc1e par0 0001
Sec 0 key A cuid da505f80 nt0 00000000 ks0 47fd8a6d par0 0111
Sec 0 key A cuid da505f80 nt0 00000000 ks0 65592a8e par0 1001
Sec 0 key A cuid da505f80 nt0 00000000 ks0 c7bf3d0d par0 1100
Sec 0 key A cuid da505f80 nt0 00000000 ks0 759c4dfb par0 1100
Sec 0 key A cuid da505f80 nt0 00000000 ks0 6129c271 par0 0010
Sec 0 key A cuid da505f80 nt0 00000000 ks0 22118a18 par0 1110
Sec 0 key A cuid da505f80 nt0 00000000 ks0 caa03184 par0 0010
Sec 0 key A cuid da505f80 nt0 00000000 ks0 7193c6fa par0 1001
Sec 0 key A cuid da505f80 nt0 00000000 ks0 3e364894 par0 0010
Sec 0 key A cuid da505f80 nt0 00000000 ks0 58d9d30a par0 0001
Sec 0 key A cuid da505f80 nt0 00000000 ks0 8cc398f1 par0 0010
Sec 0 key A cuid da505f80 nt0 00000000 ks0 0d848bb2 par0 1100
Sec 0 key A cuid da505f80 nt0 00000000 ks0 b2fa0206 par0 0111
Sec 0 key A cuid da505f80 nt0 00000000 ks0 228b48d5 par0 1110
Sec 0 key A cuid da505f80 nt0 00000000 ks0 e7369ecc par0 1110
Sec 0 key A cuid da505f80 nt0 00000000 ks0 3c1a7f77 par0 0011
Sec 0 key A cuid da505f80 nt0 00000000 ks0 850086c4 par0 0011
Sec 0 key A cuid da505f80 nt0 00000000 ks0 99632ac2 par0 0001
Sec 0 key A cuid da505f80 nt0 00000000 ks0 710339a2 par0 1000
Sec 0 key A cuid da505f80 nt0 00000000 ks0 3a33f857 par0 1100
Sec 0 key A cuid da505f80 nt0 00000000 ks0 bcf76a0b par0 1000
Sec 0 key A cuid da505f80 nt0 00000000 ks0 699c3ee6 par0 0001
Sec 0 key A cuid da505f80 nt0 00000000 ks0 2d73e59d par0 1011
Sec 0 key A cuid da505f80 nt0 00000000 ks0 cb8d62eb par0 0000
Sec 0 key A cuid da505f80 nt0 00000000 ks0 09a37ed7 par0 0100
Sec 0 key A cuid da505f80 nt0 00000000 ks0 89b998dd par0 1001
Sec 0 key A cuid da505f80 nt0 00000000 ks0 6a259581 par0 1011
Sec 0 key A cuid da505f80 nt0 00000000 ks0 852333cf par0 0011
Sec 0 key A cuid da505f80 nt0 00000000 ks0 0e7421df par0 1110
Sec 0 key A cuid da505f80 nt0 00000000 ks0 c76b5308 par0 1010
Sec 0 key A cuid da505f80 nt0 00000000 ks0 6e72d81b par0 0011
Sec 0 key A cuid da505f80 nt0 00000000 ks0 6cd3db65 par0 0010
Sec 0 key A cuid da505f80 nt0 00000000 ks0 02ce802a par0 0011
Sec 0 key A cuid da505f80 nt0 00000000 ks0 3f486d4b par0 0110
Sec 0 key A cuid da505f80 nt0 00000000 ks0 2abd7981 par0 0011
Sec 0 key A cuid da505f80 nt0 00000000 ks0 8c5e4b83 par0 0101
Sec 0 key A cuid da505f80 nt0 00000000 ks0 83682774 par0 1110
Sec 0 key A cuid da505f80 nt0 00000000 ks0 9d7fef2c par0 0101
Sec 0 key A cuid da505f80 nt0 00000000 ks0 e9f4d6fa par0 0000
Sec 0 key A cuid da505f80 nt0 00000000 ks0 006ab2df par0 0101
Sec 0 key A cuid da505f80 nt0 00000000 ks0 8d75a5ae par0 0111
Sec 0 key A cuid da505f80 nt0 00000000 ks0 34aa6cfa par0 0111
Sec 0 key A cuid da505f80 nt0 00000000 ks0 b9fc4976 par0 0100
Sec 0 key A cuid da505f80 nt0 00000000 ks0 105827e1 par0 1110
Sec 0 key A cuid da505f80 nt0 00000000 ks0 4bd8e617 par0 1111
Sec 0 key A cuid da505f80 nt0 00000000 ks0 25f8ad32 par0 0111
Sec 0 key A cuid da505f80 nt0 00000000 ks0 f672bebd par0 0110
Sec 0 key A cuid da505f80 nt0 00000000 ks0 905a94cc par0 0111
Sec 0 key A cuid da505f80 nt0 00000000 ks0 d26e5a4b par0 1011
Sec 0 key A cuid da505f80 nt0 00000000 ks0 5541fbe6 par0 0010
Sec 0 key A cuid da505f80 nt0 00000000 ks0 1ad7091d par0 1001
Sec 0 key A cuid da505f80 nt0 00000000 ks0 4b7be0f7 par0 1100
Sec 0 key A cuid da505f80 nt0 00000000 ks0 e2b896f8 par0 0001
Sec 0 key A cuid da505f80 nt0 00000000 ks0 16eea20f par0 0011
Sec 0 key A cuid da505f80 nt0 00000000 ks0 af334837 par0 0110
Sec 0 key A cuid da505f80 nt0 00000000 ks0 f052fb05 par0 0011
Sec 0 key A cuid da505f80 nt0 00000000 ks0 23a27b4d par0 0011
Sec 0 key A cuid da505f80 nt0 00000000 ks0 ab95e772 par0 1010
Sec 0 key A cuid da505f80 nt0 00000000 ks0 6902ffde par0 0100
Sec 0 key A cuid da505f80 nt0 00000000 ks0 16c66358 par0 0010
Sec 0 key A cuid da505f80 nt0 00000000 ks0 e912f371 par0 0011
Sec 0 key A cuid da505f80 nt0 00000000 ks0 21e88d4c par0 1111
Sec 0 key A cuid da505f80 nt0 00000000 ks0 17fe242c par0 1100
Sec 0 key A cuid da505f80 nt0 00000000 ks0 19077726 par0 1010
Sec 0 key A cuid da505f80 nt0 00000000 ks0 ffb2c517 par0 0011
Sec 0 key A cuid da505f80 nt0 00000000 ks0 91b08c78 par0 0110
Sec 0 key A cuid da505f80 nt0 00000000 ks0 e01dd867 par0 1111
Sec 0 key A cuid da505f80 nt0 00000000 ks0 318ee828 par0 0100
Sec 0 key A cuid da505f80 nt0 00000000 ks0 8d67b4b6 par0 0010
Sec 0 key A cuid da505f80 nt0 00000000 ks0 782b5ae7 par0 0001
Sec 0 key A cuid da505f80 nt0 00000000 ks0 920da80c par0 0111
Sec 0 key A cuid da505f80 nt0 00000000 ks0 be31f7c3 par0 1011
Sec 0 key A cuid da505f80 nt0 00000000 ks0 3a6ab103 par0 1010
Sec 0 key A cuid da505f80 nt0 00000000 ks0 e7b9aa3a par0 1100
Sec 0 key A cuid da505f80 nt0 00000000 ks0 451b131a par0 0011
Sec 0 key A cuid da505f80 nt0 00000000 ks0 5ca769f0 par0 0001
Sec 0 key A cuid da505f80 nt0 00000000 ks0 ddd48b9b par0 1110
Sec 0 key A cuid da505f80 nt0 00000000 ks0 d5bb1ec7 par0 1000
Sec 0 key A cuid da505f80 nt0 00000000 ks0 f4f3fe9c par0 0000
Sec 0 key A cuid da505f80 nt0 00000000 ks0 1ac18b7d par0 1110
Sec 0 key A cuid da505f80 nt0 00000000 ks0 a0c69e63 par0 0110
Sec 0 key A cuid da505f80 nt0 00000000 ks0 99efbcee par0 0010
Sec 0 key A cuid da505f80 nt0 00000000 ks0 fe3eebd0 par0 0000
Sec 0 key A cuid da505f80 nt0 00000000 ks0 5545ae28 par0 0010
Sec 0 key A cuid da505f80 nt0 00000000 ks0 3b05bf96 par0 1010
Sec 0 key A cuid da505f80 nt0 00000000 ks0 fbc1775a par0 1100
Sec 0 key A cuid da505f80 nt0 00000000 ks0 684e17ea par0 1011
Sec 0 key A cuid da505f80 nt0 00000000 ks0 a103da9a par0 0001
Sec 0 key A cuid da505f80 nt0 00000000 ks0 d0fc2d8f par0 1001
Sec 0 key A cuid da505f80 nt0 00000000 ks0 d2975640 par0 1111
Sec 0 key A cuid da505f80 nt0 00000000 ks0 a04430da par0 0101
Sec 0 key A cuid da505f80 nt0 00000000 ks0 5f7107f2 par0 1101
Sec 0 key A cuid da505f80 nt0 00000000 ks0 59e9ab93 par0 0101
Sec 0 key A cuid da505f80 nt0 00000000 ks0 449a67de par0 1000
Sec 0 key A cuid da505f80 nt0 00000000 ks0 e0bbce8a par0 1100
Sec 0 key A cuid da505f80 nt0 00000000 ks0 6c3e066d par0 0011
Sec 0 key A cuid da505f80 nt0 00000000 ks0 d0d0acf7 par0 1111
Sec 0 key A cuid da505f80 nt0 00000000 ks0 e25edac5 par0 0110
Sec 0 key A cuid da505f80 nt0 00000000 ks0 0a4dd372 par0 0101
Sec 0 key A cuid da505f80 nt0 00000000 ks0 02de7c18 par0 0110
Sec 0 key A cuid da505f80 nt0 00000000 ks0 582a13a8 par0 0101
Sec 0 key A cuid da505f80 nt0 00000000 ks0 efd55b35 par0 1010
Sec 0 key A cuid da505f80 nt0 00000000 ks0 ea4419e8 par0 0011
Sec 0 key A cuid da505f80 nt0 00000000 ks0 47fd1b31 par0 0101
Sec 0 key A cuid da505f80 nt0 00000000 ks0 b06a0ad0 par0 1100
Sec 0 key A cuid da505f80 nt0 00000000 ks0 a9917d64 par0 1100
Sec 0 key A cuid da505f80 nt0 00000000 ks0 d1def7c8 par0 1111
Sec 0 key A cuid da505f80 nt0 00000000 ks0 72600224 par0 1010
Sec 0 key A cuid da505f80 nt0 00000000 ks0 e3993cc4 par0 1110
Sec 0 key A cuid da505f80 nt0 00000000 ks0 be64e297 par0 1101
Sec 0 key A cuid da505f80 nt0 00000000 ks0 296b0c03 par0 1100
Sec 0 key A cuid da505f80 nt0 00000000 ks0 c5395adb par0 1111
Sec 0 key A cuid da505f80 nt0 00000000 ks0 b55d4df2 par0 1110
Sec 0 key A cuid da505f80 nt0 00000000 ks0 73cc7112 par0 0000
Sec 0 key A cuid da505f80 nt0 00000000 ks0 f60347d3 par0 0010
Sec 0 key A cuid da505f80 nt0 00000000 ks0 a2053b48 par0 1001
Sec 0 key A cuid da505f80 nt0 00000000 ks0 f4574fa2 par0 0111
Sec 0 key A cuid da505f80 nt0 00000000 ks0 e995d5e4 par0 0001
Sec 0 key A cuid da505f80 nt0 00000000 ks0 b7803cb8 par0 1011
Sec 0 key A cuid da505f80 nt0 00000000 ks0 7dc82d81 par0 1011
Sec 0 key A cuid da505f80 nt0 00000000 ks0 22b39777 par0 1101
Sec 0 key A cuid da505f80 nt0 00000000 ks0 73fcc045 par0 0000
Sec 0 key A cuid da505f80 nt0 00000000 ks0 50c7c2ee par0 0011
Sec 0 key A cuid da505f80 nt0 00000000 ks0 423adfbb par0 1100
Sec 0 key A cuid da505f80 nt0 00000000 ks0 8380c553 par0 1110
Sec 0 key A cuid da505f80 nt0 00000000 ks0 2405561d par0 1101
Sec 0 key A cuid da505f80 nt0 00000000 ks0 e8084fcb par0 1000
Sec 0 key A cuid da505f80 nt0 00000000 ks0 711d42e9 par0 1010
Sec 0 key A cuid da505f80 nt0 00000000 ks0 00a40ed4 par0 0100
Sec 0 key A cuid da505f80 nt0 00000000 ks0 1b5c8ab2 par0 1001
Sec 0 key A cuid da505f80 nt0 00000000 ks0 dff40579 par0 0001
Sec 0 key A cuid da505f80 nt0 00000000 ks0 d0aa815c par0 1101
Sec 0 key A cuid da505f80 nt0 00000000 ks0 389f4519 par0 1101
Sec 0 key A cuid da505f80 nt0 00000000 ks0 f311941b par0 0010
Sec 0 key A cuid da505f80 nt0 00000000 ks0 654d844d par0 1111
Sec 0 key A cuid da505f80 nt0 00000000 ks0 2152d882 par0 1111
Sec 0 key A cuid da505f80 nt0 00000000 ks0 85b9b366 par0 0110
Sec 0 key A cuid da505f80 nt0 00000000 ks0 c29abaec par0 0101
Sec 0 key A cuid da505f80 nt0 00000000 ks0 f3910471 par0 0110
Sec 0 key A cuid da505f80 nt0 00000000 ks0 48ea1a84 par0 1000
Sec 0 key A cuid da505f80 nt0 00000000 ks0 bbc74117 par0 0110
Sec 0 key A cuid da505f80 nt0 00000000 ks0 ea1ddcae par0 0000
Sec 0 key A cuid da505f80 nt0 00000000 ks0 9d8f94d2 par0 0100
Sec 0 key A cuid da505f80 nt0 00000000 ks0 961d77c9 par0 0101
Sec 0 key A cuid da505f80 nt0 00000000 ks0 9a6d59e5 par0 0001
Sec 0 key A cuid da505f80 nt0 00000000 ks0 af6ebbfb par0 0110
Sec 0 key A cuid da505f80 nt0 00000000 ks0 18dda988 par0 1111
Sec 0 key A cuid da505f80 nt0 00000000 ks0 6199d5af par0 0110
Sec 0 key A cuid da505f80 nt0 00000000 ks0 352b72a9 par0 0001
Sec 0 key A cuid da505f80 nt0 00000000 ks0 9683bce7 par0 0010
Sec 0 key A cuid da505f80 nt0 00000000 ks0 224f51c2 par0 1111
Sec 0 key A cuid da505f80 nt0 00000000 ks0 31eb8c8d par0 0111
Sec 0 key A cuid da505f80 nt0 00000000 ks0 4c86307d par0 1011
Sec 0 key A cuid da505f80 nt0 00000000 ks0 7541efcd par0 1001
Sec 0 key A cuid da505f80 nt0 00000000 ks0 543a32e2 par0 0010
Sec 0 key A cuid da505f80 nt0 00000000 ks0 c3f592c3 par0 0011
Sec 0 key A cuid da505f80 nt0 00000000 ks0 e4c40997 par0 1101
Sec 0 key A cuid da505f80 nt0 00000000 ks0 43cd2dcb par0 1101
Sec 0 key A cuid da505f80 nt0 00000000 ks0 c1e69612 par0 0011
Sec 0 key A cuid da505f80 nt0 00000000 ks0 18298edd par0 1000
Sec 0 key A cuid da505f80 nt0 00000000 ks0 f6cde8ed par0 0100
Sec 0 key A cuid da505f80 nt0 00000000 ks0 9204abb0 par0 0010
Sec 0 key A cuid da505f80 nt0 00000000 ks0 136c75bb par0 1110
Sec 0 key A cuid da505f80 nt0 00000000 ks0 5557c6b9 par0 0101
Sec 0 key A cuid da505f80 nt0 00000000 ks0 c5db3fbd par0 1000
Sec 0 key A cuid da505f80 nt0 00000000 ks0 048f23fc par0 0000
Sec 0 key A cuid da505f80 nt0 00000000 ks0 99a459ea par0 0011
Sec 0 key A cuid da505f80 nt0 00000000 ks0 94d79b91 par0 0000
Sec 0 key A cuid da505f80 nt0 00000000 ks0 bf4440f9 par0 1000
Sec 0 key A cuid da505f80 nt0 00000000 ks0 4ee2a568 par0 0100
Sec 0 key A cuid da505f80 nt0 00000000 ks0 3e3abd5c par0 0110
Sec 0 key A cuid da505f80 nt0 00000000 ks0 fa230941 par0 1100
Sec 0 key A cuid da505f80 nt0 00000000 ks0 cf979510 par0 1101
Sec 0 key A cuid da505f80 nt0 00000000 ks0 e8cfb4fd par0 1100
Sec 0 key A cuid da505f80 nt0 00000000 ks0 2e8b82f8 par0 1011
Sec 0 key A cuid da505f80 nt0 00000000 ks0 eabec61f par0 0010
Sec 0 key A cuid da505f80 nt0 00000000 ks0 38395923 par0 1011
Sec 0 key A cuid da505f80 nt0 00000000 ks0 5435c3b2 par0 0000
Sec 0 key A cuid da505f80 nt0 00000000 ks0 4a8e3263 par0 1010
Sec 0 key A cuid da505f80 nt0 00000000 ks0 becf9850 par0 1000
Sec 0 key A cuid da505f80 nt0 00000000 ks0 a6fb645c par0 0111
Sec 0 key A cuid da505f80 nt0 00000000 ks0 d46221d1 par0 1101
Sec 0 key A cuid da505f80 nt0 00000000 ks0 7e573555 par0 1110
Sec 0 key A cuid da505f80 nt0 00000000 ks0 28a0e4ad par0 0100
Sec 0 key A cuid da505f80 nt0 00000000 ks0 a2286993 par0 1110
Sec 0 key A cuid da505f80 nt0 00000000 ks0 176d92bf par0 1111
Sec 0 key A cuid da505f80 nt0 00000000 ks0 f0a4c0ed par0 0001
Sec 0 key A cuid da505f80 nt0 00000000 ks0 d73ff700 par0 0110
Sec 0 key A cuid da505f80 nt0 00000000 ks0 4bc0fd23 par0 1101
Sec 0 key A cuid da505f80 nt0 00000000 ks0 034032de par0 0010
Sec 0 key A cuid da505f80 nt0 00000000 ks0 89aa014b par0 1010
Sec 0 key A cuid da505f80 nt0 00000000 ks0 f8ce77a9 par0 0100
Sec 0 key A cuid da505f80 nt0 00000000 ks0 8acfa53b par0 1100
Sec 0 key A cuid da505f80 nt0 00000000 ks0 7700a2d9 par0 1011
Sec 0 key A cuid da505f80 nt0 00000000 ks0 c218bbdd par0 0101
Sec 0 key A cuid da505f80 nt0 00000000 ks0 7f38f237 par0 1100
Sec 0 key A cuid da505f80 nt0 00000000 ks0 edc1cc6b par0 0101
Sec 0 key A cuid da505f80 nt0 00000000 ks0 d6c75202 par0 1010
Sec 0 key A cuid da505f80 nt0 00000000 ks0 6f2a5c3a par0 0111
Sec 0 key A cuid da505f80 nt0 00000000 ks0 41e1eb2d par0 1011
Sec 0 key A cuid da505f80 nt0 00000000 ks0 47243ad2 par0 0011
Sec 0 key A cuid da505f80 nt0 00000000 ks0 0145424d par0 0111
Sec 0 key A cuid da505f80 nt0 00000000 ks0 ff37ae51 par0 0000
Sec 0 key A cuid da505f80 nt0 00000000 ks0 db60525c par0 1010
Sec 0 key A cuid da505f80 nt0 00000000 ks0 5203efc0 par0 0011
Sec 0 key A cuid da505f80 nt0 00000000 ks0 11946ab4 par0 1010
Sec 0 key A cuid da505f80 nt0 00000000 ks0 4f6e8e68 par0 0101
Sec 0 key A cuid da505f80 nt0 00000000 ks0 4e9a2b63 par0 0100
Sec 0 key A cuid da505f80 nt0 00000000 ks0 3cd500a8 par0 0010
Sec 0 key A cuid da505f80 nt0 00000000 ks0 91fd2963 par0 0111
Sec 0 key A cuid da505f80 nt0 00000000 ks0 3e0716d9 par0 0001
Sec 0 key A cuid da505f80 nt0 00000000 ks0 6a7773ff par0 1000
Sec 0 key A cuid da505f80 nt0 00000000 ks0 b44891e7 par0 1100
Sec 0 key A cuid da505f80 nt0 00000000 ks0 7d2d1ae4 par0 1000
Sec 0 key A cuid da505f80 nt0 00000000 ks0 f2be81e2 par0 1110
Sec 0 key A cuid da505f80 nt0 00000000 ks0 a46df246 par0 0011
Sec 0 key A cuid da505f80 nt0 00000000 ks0 c9b895dd par0 0101
Sec 0 key A cuid da505f80 nt0 00000000 ks0 169c38f9 par0 0101
Sec 0 key A cuid da505f80 nt0 00000000 ks0 23a71b89 par0 0001
Sec 0 key A cuid da505f80 nt0 00000000 ks0 29607645 par0 1011
Sec 0 key A cuid da505f80 nt0 00000000 ks0 5756a1fc par0 0111
Sec 0 key A cuid da505f80 nt0 00000000 ks0 a9ae4062 par0 1010
Sec 0 key A cuid da505f80 nt0 00000000 ks0 ac4ed5fd par0 0101
Sec 0 key A cuid da505f80 nt0 00000000 ks0 19f9496e par0 1100
Sec 0 key A cuid da505f80 nt0 00000000 ks0 4bf90a47 par0 1101
Sec 0 key A cuid da505f80 nt0 00000000 ks0 3d11a81a par0 0010
Sec 0 key A cuid da505f80 nt0 00000000 ks0 932b711d par0 0100
Sec 0 key A cuid da505f80 nt0 00000000 ks0 9723ffe2 par0 1000
Sec 0 key A cuid da505f80 nt0 00000000 ks0 cc78c57f par0 1001
Sec 0 key A cuid da505f80 nt0 00000000 ks0 ce47b03d par0 1111
Sec 0 key A cuid da505f80 nt0 00000000 ks0 d54f901a par0 1100
Sec 0 key A cuid da505f80 nt0 00000000 ks0 0ce22a0b par0 0110
Sec 0 key A cuid da505f80 nt0 00000000 ks0 f2cb04b1 par0 1101
Sec 0 key A cuid da505f80 nt0 00000000 ks0 52d54091 par0 0011
Sec 0 key A cuid da505f80 nt0 00000000 ks0 3a398ad3 par0 1111
Sec 0 key A cuid da505f80 nt0 00000000 ks0 4f718686 par0 0010
Sec 0 key A cuid da505f80 nt0 00000000 ks0 5b53c519 par0 0110
Sec 0 key A cuid da505f80 nt0 00000000 ks0 8363a887 par0 1110
Sec 0 key A cuid da505f80 nt0 00000000 ks0 8778c343 par0 0111
Sec 0 key A cuid da505f80 nt0 00000000 ks0 60dda01f par0 0011
Sec 0 key A cuid da505f80 nt0 00000000 ks0 d650c172 par0 1000
Sec 0 key A cuid da505f80 nt0 00000000 ks0 9a8f7081 par0 0011
Sec 0 key A cuid da505f80 nt0 00000000 ks0 2ac04c01 par0 0010
Sec 0 key A cuid da505f80 nt0 00000000 ks0 dc4cbdbb par0 0101
Sec 0 key A cuid da505f80 nt0 00000000 ks0 f33b3a9c par0 0111
Sec 0 key A cuid da505f80 nt0 00000000 ks0 85f9cf14 par0 0010
Sec 0 key A cuid da505f80 nt0 00000000 ks0 a71ed155 par0 0011
Sec 0 key A cuid da505f80 nt0 00000000 ks0 bacbf651 par0 0110
Sec 0 key A cuid da505f80 nt0 00000000 ks0 7f80f830 par0 1011
Sec 0 key A cuid da505f80 nt0 00000000 ks0 a2254724 par0 1110
Sec 0 key A cuid da505f80 nt0 00000000 ks0 1c6c6901 par0 1110
Sec 0 key A cuid da505f80 nt0 00000000 ks0 690931d1 par0 0000
Sec 0 key A cuid da505f80 nt0 00000000 ks0 074f2374 par0 1111
Sec 0 key A cuid da505f80 nt0 00000000 ks0 725df40f par0 1110
Sec 0 key A cuid da505f80 nt0 00000000 ks0 74e13b81 par0 1111
Sec 0 key A cuid da505f80 nt0 00000000 ks0 cb824ed2 par0 0011
Sec 0 key A cuid da505f80 nt0 00000000 ks0 690f4ee6 par0 0010
Sec 0 key A cuid da505f80 nt0 00000000 ks0 fef3f790 par0 0101
Sec 0 key A cuid da505f80 nt0 00000000 ks0 bb4769b3 par0 0011
Sec 0 key A cuid da505f80 nt0 00000000 ks0 fdee5935 par0 0111
Sec 0 key A cuid da505f80 nt0 00000000 ks0 30433487 par0 0000
Sec 0 key A cuid da505f80 nt0 00000000 ks0 8688ea54 par0 1100
Sec 0 key A cuid da505f80 nt0 00000000 ks0 1c27230b par0 1001
Sec 0 key A cuid da505f80 nt0 00000000 ks0 53c9ee81 par0 0010
Sec 0 key A cuid da505f80 nt0 00000000 ks0 a9748c43 par0 1011
Sec 0 key A cuid da505f80 nt0 00000000 ks0 1c7e54d0 par0 1001
Sec 0 key A cuid da505f80 nt0 00000000 ks0 5e73bcb5 par0 1100
Sec 0 key A cuid da505f80 nt0 00000000 ks0 ad51d620 par0 1000
Sec 0 key A cuid da505f80 nt0 00000000 ks0 3e87a3db par0 0100
Sec 0 key A cuid da505f80 nt0 00000000 ks0 db4b8bcc par0 1001
Sec 0 key A cuid da505f80 nt0 00000000 ks0 4202c233 par0 1010
Sec 0 key A cuid da505f80 nt0 00000000 ks0 3584449a par0 0011
Sec 0 key A cuid da505f80 nt0 00000000 ks0 6164fcaf par0 0110
Sec 0 key A cuid da505f80 nt0 00000000 ks0 09c66b66 par0 0100
Sec 0 key A cuid da505f80 nt0 00000000 ks0 e09e7359 par0 1110
Sec 0 key A cuid da505f80 nt0 00000000 ks0 4f3952bc par0 0011
Sec 0 key A cuid da505f80 nt0 00000000 ks0 1aa822fe par0 1000
Sec 0 key A cuid da505f80 nt0 00000000 ks0 91420ed2 par0 0010
Sec 0 key A cuid da505f80 nt0 00000000 ks0 01908d87 par0 0001
Sec 0 key A cuid da505f80 nt0 00000000 ks0 937a2880 par0 0100
Sec 0 key A cuid da505f80 nt0 00000000 ks0 ae73ab5d par0 0111
Sec 0 key A cuid da505f80 nt0 00000000 ks0 35c03be7 par0 0000
Sec 0 key A cuid da505f80 nt0 00000000 ks0 321278df par0 0001
Sec 0 key A cuid da505f80 nt0 00000000 ks0 a9e818f9 par0 1100
Sec 0 key A cuid da505f80 nt0 00000000 ks0 a52de1ea par0 1001
Sec 0 key A cuid da505f80 nt0 00000000 ks0 8f7b90fe par0 0111
Sec 0 key A cuid da505f80 nt0 00000000 ks0 68e5c071 par0 1100
Sec 0 key A cuid da505f80 nt0 00000000 ks0 d29b86d7 par0 1111
Sec 0 key A cuid da505f80 nt0 00000000 ks0 30f7f114 par0 0110
Sec 0 key A cuid da505f80 nt0 00000000 ks0 5aa7d487 par0 0111
Sec 0 key A cuid da505f80 nt0 00000000 ks0 f23bbc15 par0 1111
Sec 0 key A cuid da505f80 nt0 00000000 ks0 52fb5cdd par0 0000
Sec 0 key A cuid da505f80 nt0 00000000 ks0 3493df55 par0 0000
Sec 0 key A cuid da505f80 nt0 00000000 ks0 c0e165b7 par0 0111
Sec 0 key A cuid da505f80 nt0 00000000 ks0 d9622c0e par0 1011
Sec 0 key A cuid da505f80 nt0 00000000 ks0 6991e78a par0 0110
Sec 0 key A cuid da505f80 nt0 00000000 ks0 6d5cc24a par0 0001
Sec 0 key A cuid da505f80 nt0 00000000 ks0 cef82307 par0 1101
Sec 0 key A cuid da505f80 nt0 00000000 ks0 7072877d par0 1100
Sec 0 key A cuid da505f80 nt0 00000000 ks0 64042b8a par0 0010
Sec 0 key A cuid da505f80 nt0 00000000 ks0 64004c05 par0 0111
Sec 0 key A cuid da505f80 nt0 00000000 ks0 9fedf590 par0 1011
Sec 0 key A cuid da505f80 nt0 00000000 ks0 7d1c87ff par0 1010
Sec 0 key A cuid da505f80 nt0 00000000 ks0 010657e5 par0 0111
Sec 0 key A cuid da505f80 nt0 00000000 ks0 9b119be7 par0 0101
Sec 0 key A cuid da505f80 nt0 00000000 ks0 df18ae20 par0 0111
Sec 0 key A cuid da505f80 nt0 00000000 ks0 3dc1532d par0 0110
Sec 0 key A cuid da505f80 nt0 00000000 ks0 d61292ce par0 1100
Sec 0 key A cuid da505f80 nt0 00000000 ks0 8a327e1f par0 1101
Sec 0 key A cuid da505f80 nt0 00000000 ks0 f7aa133f par0 0100
Sec 0 key A cuid da505f80 nt0 00000000 ks0 1a74b7a8 par0 1011
Sec 0 key A cuid da505f80 nt0 00000000 ks0 a73c5b3b par0 0101
Sec 0 key A cuid da505f80 nt0 00000000 ks0 f943cc5f par0 1001
Sec 0 key A cuid da505f80 nt0 00000000 ks0 2841c1ae par0 0110
Sec 0 key A cuid da505f80 nt0 00000000 ks0 c0d0b08a par0 0111
Sec 0 key A cuid da505f80 nt0 00000000 ks0 3486448a par0 0110
Sec 0 key A cuid da505f80 nt0 00000000 ks0 7149f567 par0 1011
Sec 0 key A cuid da505f80 nt0 00000000 ks0 ba8057e4 par0 0101
Sec 0 key A cuid da505f80 nt0 00000000 ks0 21daac4e par0 1100
Sec 0 key A cuid da505f80 nt0 00000000 ks0 a07082af par0 0100
Sec 0 key A cuid da505f80 nt0 00000000 ks0 ad3d9b54 par0 1101
Sec 0 key A cuid da505f80 nt0 00000000 ks0 9626e2e2 par0 0100
Sec 0 key A cuid da505f80 nt0 00000000 ks0 19e9d81b par0 1111
Sec 0 key A cuid da505f80 nt0 00000000 ks0 1a03505d par0 1001
Sec 0 key A cuid da505f80 nt0 00000000 ks0 c7d3c661 par0 1011
Sec 0 key A cuid da505f80 nt0 00000000 ks0 14c6fb33 par0 1001
Sec 0 key A cuid da505f80 nt0 00000000 ks0 235fedf7 par0 0000
Sec 0 key A cuid da505f80 nt0 00000000 ks0 583e99c7 par0 0011
Sec 0 key A cuid da505f80 nt0 00000000 ks0 28ef58a6 par0 0011
Sec 0 key A cuid da505f80 nt0 00000000 ks0 c357fe79 par0 0010
Sec 0 key A cuid da505f80 nt0 00000000 ks0 5fd43f3b par0 1101
Sec 0 key A cuid da505f80 nt0 00000000 ks0 37d65e74 par0 0110
Sec 0 key A cuid da505f80 nt0 00000000 ks0 603971de par0 0110
Sec 0 key A cuid da505f80 nt0 00000000 ks0 24cce880 par0 1000
Sec 0 key A cuid da505f80 nt0 00000000 ks0 3245463b par0 0111
Sec 0 key A cuid da505f80 nt0 00000000 ks0 09ef4ef0 par0 0111
Sec 0 key A cuid da505f80 nt0 00000000 ks0 c8b839da par0 0001
Sec 0 key A cuid da505f80 nt0 00000000 ks0 63722c1e par0 1110
Sec 0 key A cuid da505f80 nt0 00000000 ks0 3a7a90ad par0 1110
Sec 0 key A cuid da505f80 nt0 00000000 ks0 6cc658da par0 0011
Sec 0 key A cuid da505f80 nt0 00000000 ks0 5f285f91 par0 1101
Sec 0 key A cuid da505f80 nt0 00000000 ks0 a9a6ea9a par0 1110
Sec 0 key A cuid da505f80 nt0 00000000 ks0 fdad0e6d par0 0101
Sec 0 key A cuid da505f80 nt0 00000000 ks0 e1c5b889 par0 1011
Sec 0 key A cuid da505f80 nt0 00000000 ks0 34c1cead par0 0111
Sec 0 key A cuid da505f80 nt0 00000000 ks0 3506afc0 par0 0010
Sec 0 key A cuid da505f80 nt0 00000000 ks0 99cef1e7 par0 0111
Sec 0 key A cuid da505f80 nt0 00000000 ks0 59ddc8c3 par0 0100
Sec 0 key A cuid da505f80 nt0 00000000 ks0 4c83e110 par0 1011
Sec 0 key A cuid da505f80 nt0 00000000 ks0 a07f2e42 par0 0011
Sec 0 key A cuid da505f80 nt0 00000000 ks0 5be14b0c par0 0101
Sec 0 key A cuid da505f80 nt0 00000000 ks0 73d86e95 par0 0100
Sec 0 key A cuid da505f80 nt0 00000000 ks0 80cb5dcf par0 1010
Sec 0 key A cuid da505f80 nt0 00000000 ks0 f21d0731 par0 1011
Sec 0 key A cuid da505f80 nt0 00000000 ks0 0ad343d8 par0 0001
Sec 0 key A cuid da505f80 nt0 00000000 ks0 10112a14 par0 1001
Sec 0 key A cuid da505f80 nt0 00000000 ks0 dc97581f par0 0011
Sec 0 key A cuid da505f80 nt0 00000000 ks0 5322727b par0 0001
Sec 0 key A cuid da505f80 nt0 00000000 ks0 5f227294 par0 1000
Sec 0 key A cuid da505f80 nt0 00000000 ks0 f57872a4 par0 0100
Sec 0 key A cuid da505f80 nt0 00000000 ks0 eff0e60d par0 1011
Sec 0 key A cuid da505f80 nt0 00000000 ks0 91ae6b48 par0 0110
Sec 0 key A cuid da505f80 nt0 00000000 ks0 34730132 par0 0111
Sec 0 key A cuid da505f80 nt0 00000000 ks0 16430eec par0 0010
Sec 0 key A cuid da505f80 nt0 00000000 ks0 4a18be06 par0 1101
Sec 0 key A cuid da505f80 nt0 00000000 ks0 3bb4a73e par0 1001
Sec 0 key A cuid da505f80 nt0 00000000 ks0 fdca4266 par0 0110
Sec 0 key A cuid da505f80 nt0 00000000 ks0 22f09d7f par0 1011
Sec 0 key A cuid da505f80 nt0 00000000 ks0 db0d19c0 par0 1010
Sec 0 key A cuid da505f80 nt0 00000000 ks0 ac276b8b par0 0110
Sec 0 key A cuid da505f80 nt0 00000000 ks0 b63902b4 par0 1101
Sec 0 key A cuid da505f80 nt0 00000000 ks0 8b410932 par0 1000
Sec 0 key A cuid da505f80 nt0 00000000 ks0 5bbd6e47 par0 0111
Sec 0 key A cuid da505f80 nt0 00000000 ks0 628ea8bf par0 0001
Sec 0 key A cuid da505f80 nt0 00000000 ks0 fb19b7d3 par0 1110
Sec 0 key A cuid da505f80 nt0 00000000 ks0 6f53d422 par0 0010
Sec 0 key A cuid da505f80 nt0 00000000 ks0 277c125a par0 0111
Sec 0 key A cuid da505f80 nt0 00000000 ks0 3f716593 par0 0111
Sec 0 key A cuid da505f80 nt0 00000000 ks0 108748e6 par0 1000
Sec 0 key A cuid da505f80 nt0 00000000 ks0 881ac9ad par0 1101
Sec 0 key A cuid da505f80 nt0 00000000 ks0 11b6d7a9 par0 1001
Sec 0 key A cuid da505f80 nt0 00000000 ks0 4aa2da44 par0 1111
Sec 0 key A cuid da505f80 nt0 00000000 ks0 ebd4cce4 par0 0000
Sec 0 key A cuid da505f80 nt0 00000000 ks0 c13903d4 par0 0101
Sec 0 key A cuid da505f80 nt0 00000000 ks0 c8e0617f par0 0000
Sec 0 key A cuid da505f80 nt0 00000000 ks0 7e942f3d par0 1000
Sec 0 key A cuid da505f80 nt0 00000000 ks0 ef76ec1f par0 1001
Sec 0 key A cuid da505f80 nt0 00000000 ks0 9d1511e4 par0 0011
Sec 0 key A cuid da505f80 nt0 00000000 ks0 8b5747c5 par0 1111
Sec 0 key A cuid da505f80 nt0 00000000 ks0 1e077814 par0 0111
Sec 0 key A cuid da505f80 nt0 00000000 ks0 9255c0d0 par0 0110
Sec 0 key A cuid da505f80 nt0 00000000 ks0 e7e4bada par0 1110
Sec 0 key A cuid da505f80 nt0 00000000 ks0 fe4e496c par0 0011
Sec 0 key A cuid da505f80 nt0 00000000 ks0 8247e443 par0 1101
Sec 0 key A cuid da505f80 nt0 00000000 ks0 5f5651cc par0 1011
Sec 0 key A cuid da505f80 nt0 00000000 ks0 3c07691f par0 0001
Sec 0 key A cuid da505f80 nt0 00000000 ks0 8b40b610 par0 1011
Sec 0 key A cuid da505f80 nt0 00000000 ks0 9ca9e8f5 par0 1011
Sec 0 key A cuid da505f80 nt0 00000000 ks0 9211c26c par0 0010
Sec 0 key A cuid da505f80 nt0 00000000 ks0 281f442a par0 0010
Sec 0 key A cuid da505f80 nt0 00000000 ks0 c455a1c8 par0 0000
Sec 0 key A cuid da505f80 nt0 00000000 ks0 2556c29b par0 0001
Sec 0 key A cuid da505f80 nt0 00000000 ks0 9b4505b4 par0 0010
Sec 0 key A cuid da505f80 nt0 00000000 ks0 ccb9121b par0 1000
Sec 0 key A cuid da505f80 nt0 00000000 ks0 1fadd1cc par0 0000
Sec 0 key A cuid da505f80 nt0 00000000 ks0 8fba858a par0 0010
Sec 0 key A cuid da505f80 nt0 00000000 ks0 5bde86c3 par0 0110
Sec 0 key A cuid da505f80 nt0 00000000 ks0 fb590ebe par0 1011
Sec 0 key A cuid da505f80 nt0 00000000 ks0 449122c3 par0 1000
Sec 0 key A cuid da505f80 nt0 00000000 ks0 15157fdb par0 1010
Sec 0 key A cuid da505f80 nt0 00000000 ks0 c9803887 par0 0001
Sec 0 key A cuid da505f80 nt0 00000000 ks0 ea007d24 par0 0000
Sec 0 key A cuid da505f80 nt0 00000000 ks0 17d0b79f par0 1001
Sec 0 key A cuid da505f80 nt0 00000000 ks0 d773fdd6 par0 0011
Sec 0 key A cuid da505f80 nt0 00000000 ks0 8eaa351b par0 0101
Sec 0 key A cuid da505f80 nt0 00000000 ks0 7cd757b8 par0 1000
Sec 0 key A cuid da505f80 nt0 00000000 ks0 0cab010a par0 0000
Sec 0 key A cuid da505f80 nt0 00000000 ks0 c360b978 par0 0011
Sec 0 key A cuid da505f80 nt0 00000000 ks0 a88cc987 par0 0110
Sec 0 key A cuid da505f80 nt0 00000000 ks0 1052bc53 par0 1110
Sec 0 key A cuid da505f80 nt0 00000000 ks0 bd81d65e par0 1000
Sec 0 key A cuid da505f80 nt0 00000000 ks0 24b15577 par0 1111
Sec 0 key A cuid da505f80 nt0 00000000 ks0 0438e404 par0 0101
Sec 0 key A cuid da505f80 nt0 00000000 ks0 f6bfa6dc par0 0100
Sec 0 key A cuid da505f80 nt0 00000000 ks0 f6a1cf2f par0 0101
Sec 0 key A cuid da505f80 nt0 00000000 ks0 90d72b79 par0 0011
Sec 0 key A cuid da505f80 nt0 00000000 ks0 7bf25313 par0 0100
Sec 0 key A cuid da505f80 nt0 00000000 ks0 27aec7f4 par0 0010
Sec 0 key A cuid da505f80 nt0 00000000 ks0 09fa495d par0 0110
Sec 0 key A cuid da505f80 nt0 00000000 ks0 1ab79a33 par0 1100
Sec 0 key A cuid da505f80 nt0 00000000 ks0 34aef419 par0 0110
Sec 0 key A cuid da505f80 nt0 00000000 ks0 85416897 par0 0101
Sec 0 key A cuid da505f80 nt0 00000000 ks0 59134143 par0 0010
Sec 0 key A cuid da505f80 nt0 00000000 ks0 2767dd5a par0 0101
Sec 0 key A cuid da505f80 nt0 00000000 ks0 dfade54d par0 0100
Sec 0 key A cuid da505f80 nt0 00000000 ks0 a9ef9fb4 par0 1011
Sec 0 key A cuid da505f80 nt0 00000000 ks0 2820c532 par0 0001
Sec 0 key A cuid da505f80 nt0 00000000 ks0 b08bf254 par0 1011
Sec 0 key A cuid da505f80 nt0 00000000 ks0 96fc8bdc par0 0011
Sec 0 key A cuid da505f80 nt0 00000000 ks0 80f483ad par0 1001
Sec 0 key A cuid da505f80 nt0 00000000 ks0 07af8933 par0 1011
Sec 0 key A cuid da505f80 nt0 00000000 ks0 bcb16bcb par0 1011
Sec 0 key A cuid da505f80 nt0 00000000 ks0 8355da78 par0 1100
Sec 0 key A cuid da505f80 nt0 00000000 ks0 efb7b7eb par0 1101
Sec 0 key A cuid da505f80 nt0 00000000 ks0 2a9f8ae6 par0 0010
Sec 0 key A cuid da505f80 nt0 00000000 ks0 cc50ae46 par0 1111
Sec 0 key A cuid da505f80 nt0 00000000 ks0 046853cf par0 0101
Sec 0 key A cuid da505f80 nt0 00000000 ks0 fd900937 par0 0011
Sec 0 key A cuid da505f80 nt0 00000000 ks0 df5ddf1d par0 0111
Sec 0 key A cuid da505f80 nt0 00000000 ks0 9da58c51 par0 0111
Sec 0 key A cuid da505f80 nt0 00000000 ks0 2765a961 par0 0110
Sec 0 key A cuid da505f80 nt0 00000000 ks0 57b50b44 par0 0101
Sec 0 key A cuid da505f80 nt0 00000000 ks0 7d005cf7 par0 1101
Sec 0 key A cuid da505f80 nt0 00000000 ks0 b4de8b74 par0 1011
Sec 0 key A cuid da505f80 nt0 00000000 ks0 e027d3f7 par0 1001
Sec 0 key A cuid da505f80 nt0 00000000 ks0 2b79cc73 par0 0101
Sec 0 key A cuid da505f80 nt0 00000000 ks0 b180f8b5 par0 1011
Sec 0 key A cuid da505f80 nt0 00000000 ks0 3cb5383f par0 0111
Sec 0 key A cuid da505f80 nt0 00000000 ks0 bb9c9088 par0 0110
Sec 0 key A cuid da505f80 nt0 00000000 ks0 db46e90f par0 1001
Sec 0 key A cuid da505f80 nt0 00000000 ks0 3946ed32 par0 0010
Sec 0 key A cuid da505f80 nt0 00000000 ks0 35bcbdde par0 0101
Sec 0 key A cuid da505f80 nt0 00000000 ks0 42147a50 par0 1111
Sec 0 key A cuid da505f80 nt0 00000000 ks0 c8f6578f par0 0100
Sec 0 key A cuid da505f80 nt0 00000000 ks0 e45767b7 par0 1111
Sec 0 key A cuid da505f80 nt0 00000000 ks0 885955aa par0 1010
Sec 0 key A cuid da505f80 nt0 00000000 ks0 d0e87020 par0 1111
Sec 0 key A cuid da505f80 nt0 00000000 ks0 46bc20fd par0 0111
Sec 0 key A cuid da505f80 nt0 00000000 ks0 820c2b17 par0 1000
Sec 0 key A cuid da505f80 nt0 00000000 ks0 6747d1ea par0 1001
Sec 0 key A cuid da505f80 nt0 00000000 ks0 23de94c0 par0 0010
Sec 0 key A cuid da505f80 nt0 00000000 ks0 a5ef8c8b par0 1111
Sec 0 key A cuid da505f80 nt0 00000000 ks0 c6cc89a9 par0 0010
Sec 0 key A cuid da505f80 nt0 00000000 ks0 fa2e9223 par0 1100
Sec 0 key A cuid da505f80 nt0 00000000 ks0 52eaa9a5 par0 0011
Sec 0 key A cuid da505f80 nt0 00000000 ks0 5716bd15 par0 0000
Sec 0 key A cuid da505f80 nt0 00000000 ks0 fd154824 par0 0101
Sec 0 key A cuid da505f80 nt0 00000000 ks0 db331355 par0 1110
Sec 0 key A cuid da505f80 nt0 00000000 ks0 ba1402ba par0 0010
Sec 0 key A cuid da505f80 nt0 00000000 ks0 cf2e54f7 par0 1010
Sec 0 key A cuid da505f80 nt0 00000000 ks0 ae54714d par0 0001
Sec 0 key A cuid da505f80 nt0 00000000 ks0 665ca516 par0 0011
Sec 0 key A cuid da505f80 nt0 00000000 ks0 92eb4027 par0 0101
Sec 0 key A cuid da505f80 nt0 00000000 ks0 eee95624 par0 1010
Sec 0 key A cuid da505f80 nt0 00000000 ks0 c4525e3a par0 0011
Sec 0 key A cuid da505f80 nt0 00000000 ks0 de200881 par0 0111
Sec 0 key A cuid da505f80 nt0 00000000 ks0 acecc8db par0 0110
Sec 0 key A cuid da505f80 nt0 00000000 ks0 efe005a5 par0 1001
Sec 0 key A cuid da505f80 nt0 00000000 ks0 74cb029c par0 1001
Sec 0 key A cuid da505f80 nt0 00000000 ks0 790e64dc par0 1101
Sec 0 key A cuid da505f80 nt0 00000000 ks0 ae68dbb9 par0 0101
Sec 0 key A cuid da505f80 nt0 00000000 ks0 f1e4fdf9 par0 0101
Sec 0 key A cuid da505f80 nt0 00000000 ks0 fea734fc par0 0010
Sec 0 key A cuid da505f80 nt0 00000000 ks0 c3c22a43 par0 0111
Sec 0 key A cuid da505f80 nt0 00000000 ks0 ec8a4b25 par0 1011
Sec 0 key A cuid da505f80 nt0 00000000 ks0 73059c5a par0 0110
Sec 0 key A cuid da505f80 nt0 00000000 ks0 45f02d19 par0 0011
Sec 0 key A cuid da505f80 nt0 00000000 ks0 83525ed4 par0 1010
Sec 0 key A cuid da505f80 nt0 00000000 ks0 feba729a par0 0010
Sec 0 key A cuid da505f80 nt0 00000000 ks0 a3edca8b par0 0001
Sec 0 key A cuid da505f80 nt0 00000000 ks0 876cb9bc par0 0111
Sec 0 key A cuid da505f80 nt0 00000000 ks0 cb621b74 par0 0001
Sec 0 key A cuid da505f80 nt0 00000000 ks0 2cc61713 par0 1001
Sec 0 key A cuid da505f80 nt0 00000000 ks0 642276c5 par0 0101
Sec 0 key A cuid da505f80 nt0 00000000 ks0 3cecdbab par0 0100
Sec 0 key A cuid da505f80 nt0 00000000 ks0 fcdb763c par0 0000
Sec 0 key A cuid da505f80 nt0 00000000 ks0 9fb6df53 par0 1010
Sec 0 key A cuid da505f80 nt0 00000000 ks0 c5bc0f91 par0 1011
Sec 0 key A cuid da505f80 nt0 00000000 ks0 c5f92b50 par0 1100
Sec 0 key A cuid da505f80 nt0 00000000 ks0 8949e389 par0 1110
Sec 0 key A cuid da505f80 nt0 00000000 ks0 d2ee0ffc par0 1101
Sec 0 key A cuid da505f80 nt0 00000000 ks0 a59c95cb par0 1010
Sec 0 key A cuid da505f80 nt0 00000000 ks0 5f92bd86 par0 1111
Sec 0 key A cuid da505f80 nt0 00000000 ks0 f0353f87 par0 0101
Sec 0 key A cuid da505f80 nt0 00000000 ks0 88625980 par0 1101
Sec 0 key A cuid da505f80 nt0 00000000 ks0 82c6bec6 par0 1010
Sec 0 key A cuid da505f80 nt0 00000000 ks0 ac18d906 par0 0110
Sec 0 key A cuid da505f80 nt0 00000000 ks0 49e181a0 par0 1000
Sec 0 key A cuid da505f80 nt0 00000000 ks0 99e379a1 par0 0100
Sec 0 key A cuid da505f80 nt0 00000000 ks0 11f2ee61 par0 1011
Sec 0 key A cuid da505f80 nt0 00000000 ks0 5a9b185c par0 0011
Sec 0 key A cuid da505f80 nt0 00000000 ks0 148f9069 par0 1101
Sec 0 key A cuid da505f80 nt0 00000000 ks0 edbb874c par0 0110
Sec 0 key A cuid da505f80 nt0 00000000 ks0 7ed075da par0 1010
Sec 0 key A cuid da505f80 nt0 00000000 ks0 812b6ffb par0 1011
